Benchmark,Max_MPI_(%),Min_MPI_(%),MPI_(%),MPI_Imb_(%),Max_Imb_(%),Min_Imb_(%),MPI_Time,MPI_Waitany,MPI_Scan,MPI_Allgather,MPI_Init,MPI_Sendrecv,MPI_Allreduce,MPI_Comm_size,MPI_Reduce_scatter,MPI_Cart_get,MPI_Send,MPI_Cart_shift,MPI_Finalize,MPI_Wait,MPI_Bcast,MPI_Irecv,MPI_Barrier,MPI_Comm_rank,MPI_Alltoall,MPI_Alltoallv,MPI_Cart_rank,MPI_Comm_dup,MPI_Reduce,MPI_Comm_free,MPI_Cart_create,Processes,Size
in.chain,7.33,7.33,7.33,0.0,0.0,0.0,0.06,0.0,0.0,0.0,94.93,0.0,0.3,0.0,0.0,0.01,0.0,0.01,2.48,0.0,0.28,0.0,0.03,0.0,0.02,1.66,0.01,0.0,0.01,0.03,0.23,1.0,32.0
in.chain,76.21,37.35,60.94,14.21,23.21,0.3,1.8,0.0,0.0,0.0,68.02,1.7,7.86,0.0,0.0,0.0,0.95,0.0,0.86,11.85,8.67,0.01,0.03,0.0,0.0,0.01,0.0,0.0,0.0,0.0,0.05,2.0,32.0
in.chain,69.94,67.02,68.99,23.19,41.02,1.69,3.08,0.0,0.0,0.0,61.99,0.18,11.55,0.0,0.0,0.0,0.23,0.0,0.7,10.51,14.62,0.01,0.04,0.0,0.01,0.07,0.0,0.0,0.0,0.0,0.07,4.0,32.0
in.chain,83.6,73.64,77.09,23.27,37.34,1.84,5.57,0.0,0.0,0.0,63.52,2.17,6.97,0.0,0.0,0.0,0.22,0.0,0.26,8.68,16.14,0.02,0.01,0.0,0.05,1.87,0.0,0.0,0.0,0.0,0.08,8.0,32.0
in.chain,94.53,83.55,88.8,12.9,21.42,1.73,18.42,0.0,0.0,0.0,81.38,0.09,3.41,0.0,0.0,0.0,0.12,0.0,1.23,1.82,11.81,0.01,0.01,0.0,0.03,0.04,0.0,0.0,0.0,0.0,0.04,16.0,32.0
in.chain,97.64,94.17,95.79,5.96,9.26,0.53,84.46,0.0,0.0,0.0,92.07,0.33,0.79,0.0,0.0,0.0,0.06,0.0,0.17,1.0,4.98,0.0,0.0,0.0,0.01,0.57,0.0,0.0,0.0,0.0,0.02,32.0,32.0
in.chain,98.63,93.53,96.23,5.02,6.34,0.64,158.91,0.0,0.0,0.0,93.19,0.08,1.66,0.0,0.0,0.0,0.08,0.0,0.3,0.75,3.03,0.0,0.01,0.0,0.65,0.2,0.0,0.0,0.0,0.0,0.03,64.0,32.0
in.chain,1.03,1.03,1.03,0.0,0.0,0.0,0.07,0.0,0.0,0.0,85.2,0.0,1.72,0.0,0.0,0.01,0.0,0.01,8.61,0.0,1.02,0.0,0.05,0.0,0.03,3.03,0.01,0.0,0.03,0.03,0.25,1.0,256.0
in.chain,54.4,11.49,33.93,20.63,38.45,1.09,4.53,0.0,0.0,0.0,29.79,8.27,31.83,0.0,0.0,0.0,0.86,0.0,0.39,25.74,2.96,0.01,0.06,0.0,0.03,0.01,0.0,0.0,0.0,0.0,0.06,2.0,256.0
in.chain,60.45,21.69,47.73,32.18,44.78,3.53,7.29,0.0,0.0,0.0,25.31,7.0,28.75,0.0,0.0,0.0,2.05,0.0,0.08,28.31,6.19,0.01,1.33,0.0,0.45,0.5,0.0,0.0,0.0,0.0,0.02,4.0,256.0
in.chain,71.7,45.31,61.69,31.62,39.38,4.26,12.93,0.0,0.0,0.0,41.58,2.78,32.85,0.0,0.0,0.0,0.24,0.0,0.1,12.84,8.62,0.01,0.86,0.0,0.03,0.04,0.0,0.0,0.01,0.0,0.04,8.0,256.0
in.chain,83.25,55.83,71.88,25.64,32.05,3.28,22.4,0.0,0.0,0.0,58.63,1.57,20.46,0.0,0.0,0.0,0.24,0.0,1.31,8.02,8.52,0.01,0.02,0.0,0.02,1.12,0.0,0.0,0.0,0.0,0.08,16.0,256.0
in.chain,93.09,77.3,85.7,16.72,19.77,2.26,59.07,0.0,0.0,0.0,76.81,2.11,6.82,0.0,0.0,0.0,0.17,0.0,0.23,5.13,8.45,0.01,0.01,0.0,0.03,0.18,0.0,0.0,0.0,0.0,0.06,32.0,256.0
in.chain,97.32,88.83,93.16,8.03,9.73,0.83,166.56,0.0,0.0,0.0,89.0,0.73,4.55,0.0,0.0,0.0,0.1,0.0,0.3,1.59,2.34,0.01,0.02,0.0,0.22,1.1,0.0,0.0,0.0,0.0,0.04,64.0,256.0
in.chain,0.3,0.3,0.3,0.0,0.0,0.0,0.07,0.0,0.0,0.0,83.7,0.0,1.85,0.0,0.0,0.01,0.0,0.01,8.53,0.0,1.0,0.0,0.06,0.01,0.04,4.47,0.0,0.0,0.03,0.03,0.25,1.0,864.0
in.chain,50.04,5.03,27.19,23.47,47.57,0.08,12.28,0.0,0.0,0.0,11.02,14.82,42.17,0.0,0.0,0.0,0.28,0.0,0.02,30.47,0.7,0.01,0.12,0.0,0.16,0.01,0.0,0.0,0.09,0.0,0.13,2.0,864.0
in.chain,52.02,11.76,40.28,34.06,46.89,0.51,18.31,0.0,0.0,0.0,10.49,13.8,39.51,0.0,0.0,0.0,0.3,0.0,0.11,32.66,2.62,0.01,0.18,0.0,0.26,0.03,0.0,0.0,0.0,0.0,0.02,4.0,864.0
in.chain,57.76,15.11,49.89,37.15,43.55,1.78,25.38,0.0,0.0,0.0,20.21,10.59,36.89,0.0,0.0,0.0,0.63,0.0,0.05,26.15,4.46,0.01,0.02,0.0,0.51,0.04,0.0,0.0,0.4,0.0,0.02,8.0,864.0
in.chain,70.95,43.03,61.36,32.96,37.71,3.22,44.05,0.0,0.0,0.0,39.51,6.48,26.74,0.0,0.0,0.0,0.27,0.0,0.53,19.82,5.12,0.02,0.49,0.0,0.02,0.45,0.0,0.0,0.52,0.0,0.03,16.0,864.0
in.chain,82.93,50.32,70.99,29.13,34.11,2.94,71.28,0.0,0.0,0.0,52.89,6.76,16.3,0.0,0.0,0.0,0.23,0.0,0.72,14.53,7.04,0.02,0.7,0.0,0.03,0.72,0.0,0.0,0.0,0.0,0.05,32.0,864.0
in.chain,93.31,77.51,85.96,16.02,18.3,1.56,188.39,0.0,0.0,0.0,78.35,1.62,11.48,0.0,0.0,0.0,0.13,0.0,0.26,4.1,3.09,0.01,0.04,0.0,0.08,0.8,0.0,0.0,0.0,0.0,0.03,64.0,864.0
in.chain,2.4,2.4,2.4,0.0,0.0,0.0,0.06,0.0,0.0,0.0,88.17,0.0,1.11,0.0,0.0,0.01,0.0,0.01,0.0,0.0,0.29,0.0,0.03,0.01,0.05,9.96,0.01,0.0,0.0,0.04,0.31,1.0,2048.0
in.chain,48.31,39.64,43.28,14.01,32.88,0.36,1.95,0.0,0.0,0.0,62.69,13.39,9.79,0.0,0.0,0.0,0.03,0.0,0.0,0.69,8.54,0.0,1.82,0.0,2.18,0.22,0.0,0.0,0.0,0.0,0.65,2.0,2048.0
in.chain,51.08,2.18,38.31,35.95,48.72,0.07,43.51,0.0,0.0,0.0,3.72,17.85,43.47,0.0,0.0,0.0,0.43,0.0,0.04,32.79,1.1,0.01,0.22,0.0,0.13,0.02,0.0,0.0,0.06,0.0,0.16,4.0,2048.0
in.chain,53.2,6.28,45.26,38.68,45.2,0.26,51.77,0.0,0.0,0.0,10.84,14.2,40.5,0.0,0.0,0.0,0.38,0.0,0.05,30.85,2.28,0.01,0.44,0.0,0.22,0.04,0.0,0.0,0.17,0.0,0.01,8.0,2048.0
in.chain,60.26,13.34,49.75,38.27,42.88,1.0,63.84,0.0,0.0,0.0,17.38,7.71,44.42,0.0,0.0,0.0,1.95,0.0,0.06,24.34,3.3,0.02,0.01,0.0,0.02,0.06,0.0,0.0,0.34,0.0,0.38,16.0,2048.0
in.chain,71.59,31.85,59.65,34.55,40.21,2.16,103.55,0.0,0.0,0.0,36.34,8.06,33.14,0.0,0.0,0.0,0.31,0.0,0.13,16.65,4.6,0.02,0.02,0.0,0.53,0.18,0.0,0.0,0.0,0.0,0.03,32.0,2048.0
in.chain,86.0,53.09,75.15,25.62,27.81,1.38,237.3,0.0,0.0,0.0,61.58,3.44,24.34,0.0,0.0,0.0,0.2,0.0,0.19,6.98,2.42,0.01,0.05,0.0,0.08,0.67,0.0,0.0,0.0,0.0,0.03,64.0,2048.0
in.chute,12.84,12.84,12.84,0.0,0.0,0.0,0.07,0.0,0.0,0.0,96.77,0.0,0.23,0.0,0.02,0.01,0.0,0.01,2.5,0.0,0.2,0.0,0.02,0.0,0.0,0.0,0.01,0.0,0.02,0.03,0.19,1.0,32.0
in.chute,81.12,51.11,70.48,11.05,15.85,2.31,1.64,0.0,0.0,0.0,74.6,0.03,12.26,0.0,0.0,0.0,0.13,0.0,1.04,1.14,10.65,0.01,0.05,0.0,0.0,0.0,0.0,0.0,0.0,0.0,0.08,2.0,32.0
in.chute,79.8,74.65,77.69,19.63,37.87,1.8,2.66,0.0,0.0,0.0,71.3,0.03,10.12,0.0,0.0,0.0,0.16,0.0,0.73,1.58,15.99,0.01,0.01,0.0,0.0,0.0,0.0,0.0,0.02,0.0,0.04,4.0,32.0
in.chute,91.96,82.96,87.11,14.63,27.0,2.68,6.94,0.0,0.0,0.0,79.43,0.02,5.84,0.0,0.03,0.0,0.15,0.0,0.23,0.7,13.5,0.01,0.03,0.0,0.0,0.0,0.0,0.0,0.0,0.0,0.06,8.0,32.0
in.chute,96.23,89.77,93.4,7.8,13.11,0.71,21.5,0.0,0.0,0.0,88.68,0.02,0.95,0.0,0.0,0.0,0.13,0.0,1.34,0.33,8.47,0.0,0.01,0.0,0.0,0.0,0.0,0.0,0.0,0.0,0.05,16.0,32.0
in.chute,97.91,92.56,95.44,5.78,10.54,0.7,53.09,0.0,0.0,0.0,92.19,0.02,0.78,0.0,0.0,0.0,0.08,0.0,0.28,0.28,6.29,0.0,0.01,0.0,0.0,0.0,0.0,0.0,0.0,0.0,0.06,32.0,32.0
in.chute,98.75,95.26,97.15,3.2,4.24,0.49,158.25,0.0,0.0,0.0,95.69,0.03,1.39,0.0,0.01,0.0,0.07,0.0,0.32,0.14,2.3,0.0,0.01,0.0,0.0,0.0,0.0,0.0,0.0,0.0,0.04,64.0,32.0
in.chute,4.2,4.2,4.2,0.0,0.0,0.0,0.06,0.0,0.0,0.0,95.95,0.0,0.49,0.0,0.02,0.01,0.0,0.01,2.91,0.0,0.25,0.0,0.03,0.0,0.0,0.0,0.01,0.0,0.03,0.03,0.24,1.0,256.0
in.chute,68.49,34.56,54.42,16.35,25.61,3.29,2.17,0.0,0.0,0.0,57.55,0.08,28.31,0.0,0.0,0.0,0.17,0.0,0.77,4.62,8.42,0.0,0.03,0.0,0.0,0.0,0.0,0.0,0.0,0.0,0.04,2.0,256.0
in.chute,74.27,36.53,60.13,26.5,44.03,5.05,2.98,0.0,0.0,0.0,51.16,1.66,29.83,0.0,0.03,0.0,0.37,0.0,0.24,3.81,12.77,0.01,0.05,0.0,0.0,0.0,0.0,0.0,0.0,0.0,0.07,4.0,256.0
in.chute,86.34,62.93,77.3,21.19,31.38,3.49,7.59,0.0,0.0,0.0,68.96,0.02,15.82,0.0,0.02,0.0,0.19,0.0,0.39,0.35,14.15,0.01,0.03,0.0,0.0,0.0,0.0,0.0,0.0,0.0,0.05,8.0,256.0
in.chute,93.95,81.49,89.61,11.93,16.59,2.14,23.49,0.0,0.0,0.0,84.5,1.17,4.63,0.0,0.0,0.0,0.1,0.0,0.25,0.37,7.8,0.04,0.01,0.0,0.0,0.0,0.0,0.0,0.0,0.0,1.13,16.0,256.0
in.chute,96.95,83.67,92.37,10.14,15.07,1.36,46.65,0.0,0.0,0.0,86.76,0.03,3.56,0.0,0.01,0.0,0.1,0.0,0.31,0.2,7.91,0.01,0.01,0.0,0.0,0.0,0.0,0.0,0.0,0.0,1.12,32.0,256.0
in.chute,98.7,93.76,96.34,4.75,5.87,0.78,158.3,0.0,0.0,0.0,93.89,0.03,2.65,0.0,0.01,0.0,0.09,0.0,0.31,0.29,2.69,0.0,0.01,0.0,0.0,0.0,0.0,0.0,0.0,0.0,0.04,64.0,256.0
in.chute,1.98,1.98,1.98,0.0,0.0,0.0,0.06,0.0,0.0,0.0,86.38,0.0,1.85,0.0,0.02,0.01,0.0,0.01,10.14,0.0,1.21,0.0,0.05,0.0,0.0,0.0,0.01,0.0,0.03,0.02,0.27,1.0,864.0
in.chute,57.38,18.49,39.68,18.22,31.44,2.41,2.68,0.0,0.0,0.0,43.72,0.46,42.36,0.0,0.0,0.0,0.75,0.0,0.08,5.34,6.58,0.01,0.62,0.0,0.0,0.0,0.0,0.0,0.0,0.0,0.07,2.0,864.0
in.chute,67.96,35.82,55.66,29.0,42.28,5.03,4.56,0.0,0.0,0.0,40.01,0.11,35.99,0.0,0.0,0.0,0.4,0.0,0.47,11.75,10.17,0.02,1.05,0.0,0.0,0.0,0.0,0.0,0.0,0.0,0.03,4.0,864.0
in.chute,78.37,45.49,65.49,28.04,38.19,4.7,7.73,0.0,0.0,0.0,52.38,0.04,33.32,0.0,1.44,0.0,0.29,0.0,0.37,0.52,11.56,0.01,0.02,0.0,0.0,0.0,0.0,0.0,0.0,0.0,0.06,8.0,864.0
in.chute,89.09,61.83,79.26,20.0,26.51,4.08,17.92,0.0,0.0,0.0,71.74,0.05,14.48,0.0,0.0,0.0,0.21,0.0,0.31,2.03,11.07,0.01,0.01,0.0,0.0,0.0,0.0,0.0,0.0,0.0,0.07,16.0,864.0
in.chute,95.46,85.72,91.04,10.8,13.12,1.81,60.77,0.0,0.0,0.0,86.1,0.03,5.61,0.0,0.0,0.0,0.13,0.0,0.23,1.1,6.45,0.01,0.28,0.0,0.0,0.0,0.0,0.0,0.0,0.0,0.06,32.0,864.0
in.chute,98.18,90.49,95.3,5.83,7.36,0.67,159.91,0.0,0.0,0.0,92.69,0.03,3.23,0.0,0.01,0.0,0.08,0.0,0.3,0.15,2.84,0.0,0.63,0.0,0.0,0.0,0.0,0.0,0.0,0.0,0.03,64.0,864.0
in.chute,1.02,1.02,1.02,0.0,0.0,0.0,0.05,0.0,0.0,0.0,85.88,0.0,1.95,0.0,0.03,0.07,0.0,0.01,10.42,0.0,1.22,0.0,0.05,0.0,0.0,0.0,0.01,0.0,0.03,0.04,0.28,1.0,2048.0
in.chute,48.59,16.81,31.79,19.76,41.73,0.18,3.48,0.0,0.0,0.0,33.7,1.66,57.24,0.0,0.0,0.0,0.21,0.0,0.06,1.8,4.81,0.01,0.46,0.0,0.0,0.0,0.0,0.0,0.0,0.0,0.04,2.0,2048.0
in.chute,59.52,24.68,48.75,30.6,42.12,3.78,6.12,0.0,0.0,0.0,30.16,0.68,53.24,0.0,0.0,0.0,0.5,0.0,0.3,7.98,7.07,0.02,0.01,0.0,0.0,0.0,0.0,0.0,0.0,0.0,0.04,4.0,2048.0
in.chute,73.24,48.88,63.85,29.33,37.19,4.99,11.72,0.0,0.0,0.0,48.81,0.62,34.89,0.0,0.02,0.0,0.41,0.0,0.24,4.5,10.44,0.01,0.03,0.0,0.0,0.0,0.0,0.0,0.0,0.0,0.04,8.0,2048.0
in.chute,84.63,58.39,74.72,23.62,29.17,2.61,22.69,0.0,0.0,0.0,64.89,0.03,19.93,0.0,0.02,0.0,0.3,0.0,0.19,3.51,10.49,0.01,0.59,0.0,0.0,0.0,0.0,0.0,0.0,0.0,0.05,16.0,2048.0
in.chute,92.99,77.42,85.8,15.41,20.45,1.77,56.2,0.0,0.0,0.0,79.41,0.57,10.18,0.0,0.0,0.0,0.17,0.0,0.25,1.81,7.53,0.01,0.01,0.0,0.0,0.0,0.0,0.0,0.0,0.0,0.06,32.0,2048.0
in.chute,97.33,87.84,93.1,7.64,9.3,0.83,157.29,0.0,0.0,0.0,90.39,0.23,5.07,0.0,0.53,0.0,0.12,0.0,0.32,0.52,2.74,0.01,0.01,0.0,0.0,0.0,0.0,0.0,0.01,0.0,0.04,64.0,2048.0
in.eam,3.64,3.64,3.64,0.0,0.0,0.0,0.06,0.0,0.02,0.0,96.36,0.0,0.2,0.0,0.0,0.01,0.0,0.01,2.88,0.0,0.19,0.0,0.03,0.0,0.0,0.0,0.01,0.0,0.02,0.03,0.24,1.0,32.0
in.eam,67.88,29.12,51.52,17.07,27.94,2.19,2.24,0.0,0.0,0.0,54.46,2.05,1.02,0.0,0.0,0.0,3.19,0.0,0.69,37.89,0.64,0.01,0.03,0.0,0.0,0.0,0.0,0.0,0.0,0.0,0.02,2.0,32.0
in.eam,66.04,61.68,63.79,22.57,35.01,0.59,3.35,0.0,0.03,0.0,56.27,0.17,0.44,0.0,0.0,0.0,0.51,0.0,0.21,40.24,2.06,0.02,0.01,0.0,0.0,0.0,0.0,0.0,0.0,0.0,0.03,4.0,32.0
in.eam,82.02,78.52,80.06,18.65,24.58,0.19,7.14,0.0,0.0,0.0,71.67,0.11,0.12,0.0,0.0,0.0,0.36,0.0,0.22,23.21,4.26,0.03,0.01,0.0,0.0,0.0,0.0,0.0,0.0,0.0,0.02,8.0,32.0
in.eam,92.06,85.43,87.69,13.41,17.5,0.32,13.09,0.0,0.01,0.0,79.9,0.1,0.78,0.0,0.0,0.0,0.36,0.0,0.45,16.23,2.03,0.03,0.01,0.0,0.0,0.0,0.0,0.0,0.0,0.0,0.1,16.0,32.0
in.eam,98.26,94.32,96.06,4.55,5.43,0.37,48.06,0.0,0.01,0.0,92.03,0.04,0.63,0.0,0.0,0.0,0.17,0.0,1.18,4.6,1.27,0.01,0.01,0.0,0.0,0.0,0.0,0.0,0.0,0.0,0.04,32.0,32.0
in.eam,99.47,96.4,98.57,3.02,3.98,0.3,155.12,0.0,0.01,0.0,95.46,0.04,1.03,0.0,0.0,0.0,0.12,0.0,0.32,2.03,0.77,0.01,0.01,0.0,0.0,0.0,0.0,0.0,0.01,0.0,0.18,64.0,32.0
in.eam,0.57,0.57,0.57,0.0,0.0,0.0,0.06,0.0,0.02,0.0,87.44,0.0,1.41,0.0,0.0,0.01,0.0,0.01,9.71,0.0,0.2,0.0,0.9,0.0,0.0,0.0,0.01,0.0,0.03,0.02,0.23,1.0,256.0
in.eam,49.24,10.43,29.31,21.69,44.29,0.28,6.41,0.0,0.0,0.0,20.48,1.28,2.12,0.0,0.0,0.0,1.55,0.0,0.27,73.99,0.28,0.01,0.01,0.0,0.0,0.0,0.0,0.0,0.0,0.0,0.01,2.0,256.0
in.eam,54.48,11.11,42.1,30.89,42.28,0.98,9.7,0.0,0.0,0.0,18.7,1.35,0.93,0.0,0.0,0.0,1.88,0.0,0.06,76.49,0.53,0.02,0.03,0.0,0.0,0.0,0.0,0.0,0.01,0.0,0.01,4.0,256.0
in.eam,62.39,26.42,52.57,34.95,42.73,3.8,14.46,0.0,0.01,0.0,23.9,1.74,3.02,0.0,0.0,0.0,1.24,0.0,0.2,68.78,1.05,0.03,0.01,0.0,0.0,0.0,0.0,0.0,0.0,0.0,0.01,8.0,256.0
in.eam,77.66,44.96,65.28,29.42,33.72,1.96,25.25,0.0,0.01,0.0,47.89,2.35,3.12,0.0,0.0,0.0,0.47,0.0,0.17,44.6,1.35,0.03,0.01,0.0,0.0,0.0,0.0,0.0,0.0,0.0,0.01,16.0,256.0
in.eam,90.76,71.25,81.65,18.89,21.17,0.98,59.53,0.0,0.01,0.0,72.55,0.96,3.0,0.0,0.0,0.0,0.3,0.0,0.23,20.4,1.38,0.02,0.44,0.0,0.0,0.0,0.0,0.0,0.67,0.0,0.04,32.0,256.0
in.eam,97.16,86.25,92.7,7.63,8.65,0.12,166.95,0.0,0.01,0.0,88.75,0.06,0.76,0.0,0.0,0.0,0.18,0.0,0.77,8.68,0.76,0.01,0.01,0.0,0.0,0.0,0.0,0.0,0.0,0.0,0.03,64.0,256.0
in.eam,0.19,0.19,0.19,0.0,0.0,0.0,0.07,0.0,0.02,0.0,88.91,0.0,1.22,0.0,0.0,0.01,0.0,0.01,8.56,0.0,0.96,0.0,0.06,0.0,0.0,0.0,0.01,0.0,0.02,0.02,0.2,1.0,864.0
in.eam,51.22,1.76,26.67,24.25,48.12,0.03,19.4,0.0,0.0,0.0,6.74,2.61,1.31,0.0,0.0,0.0,0.68,0.0,0.08,88.54,0.03,0.01,0.01,0.0,0.0,0.0,0.0,0.0,0.0,0.0,0.0,2.0,864.0
in.eam,51.25,3.37,39.07,34.98,47.18,0.21,28.36,0.0,0.0,0.0,6.45,2.66,1.97,0.0,0.0,0.0,17.0,0.0,0.24,71.25,0.4,0.02,0.0,0.0,0.0,0.0,0.0,0.0,0.0,0.0,0.0,4.0,864.0
in.eam,53.76,8.81,46.34,36.85,43.42,0.2,35.53,0.0,0.0,0.0,14.57,2.16,3.76,0.0,0.0,0.0,0.69,0.0,0.07,78.09,0.35,0.03,0.0,0.0,0.0,0.0,0.0,0.0,0.27,0.0,0.01,8.0,864.0
in.eam,60.78,22.7,53.57,36.11,41.54,1.75,48.01,0.0,0.0,0.0,24.41,1.72,6.95,0.0,0.0,0.0,0.96,0.0,0.07,65.26,0.57,0.04,0.0,0.0,0.0,0.0,0.0,0.0,0.0,0.0,0.02,16.0,864.0
in.eam,77.77,43.71,64.49,29.87,36.35,2.38,81.82,0.0,0.01,0.0,45.97,0.45,6.84,0.0,0.0,0.0,0.48,0.0,0.68,44.19,0.89,0.04,0.01,0.0,0.0,0.0,0.0,0.0,0.44,0.0,0.01,32.0,864.0
in.eam,90.8,67.11,81.82,18.96,20.97,0.98,206.02,0.0,0.01,0.0,71.93,0.37,3.47,0.0,0.0,0.0,0.25,0.0,0.23,22.67,0.56,0.02,0.48,0.0,0.0,0.0,0.0,0.0,0.0,0.0,0.02,64.0,864.0
in.eam,4.28,4.28,4.28,0.0,0.0,0.0,0.05,0.0,0.03,0.0,99.23,0.0,0.09,0.0,0.0,0.01,0.0,0.01,0.0,0.0,0.22,0.0,0.06,0.01,0.0,0.0,0.01,0.0,0.0,0.04,0.3,1.0,2048.0
in.eam,74.68,32.94,59.41,8.07,12.53,0.35,1.4,0.0,0.0,0.0,84.74,4.07,8.73,0.0,0.0,0.0,0.17,0.0,0.0,0.18,2.03,0.0,0.04,0.0,0.0,0.0,0.0,0.0,0.0,0.0,0.03,2.0,2048.0
in.eam,50.19,1.38,37.94,36.29,48.6,0.04,64.37,0.0,0.0,0.0,2.02,3.31,1.33,0.0,0.0,0.0,18.99,0.0,0.03,74.12,0.18,0.02,0.0,0.0,0.0,0.0,0.0,0.0,0.0,0.0,0.0,4.0,2048.0
in.eam,52.45,3.81,44.83,40.8,47.23,0.08,78.01,0.0,0.0,0.0,5.19,3.55,2.03,0.0,0.0,0.0,0.58,0.0,0.03,88.43,0.16,0.02,0.0,0.0,0.0,0.0,0.0,0.0,0.0,0.0,0.0,8.0,2048.0
in.eam,54.96,10.64,48.69,39.19,43.35,0.18,91.33,0.0,0.0,0.0,12.96,2.18,6.37,0.0,0.0,0.0,1.76,0.0,0.04,76.29,0.34,0.05,0.0,0.0,0.0,0.0,0.0,0.0,0.0,0.0,0.01,16.0,2048.0
in.eam,67.64,23.35,56.96,35.16,40.55,0.82,132.61,0.0,0.0,0.0,30.77,1.17,6.9,0.0,0.0,0.0,0.82,0.0,0.09,59.13,1.04,0.05,0.0,0.0,0.0,0.0,0.0,0.0,0.0,0.0,0.02,32.0,2048.0
in.eam,82.75,43.05,71.06,27.83,31.28,1.8,267.41,0.0,0.0,0.0,53.35,1.16,3.72,0.0,0.0,0.0,0.38,0.0,0.51,40.23,0.57,0.03,0.02,0.0,0.0,0.0,0.0,0.0,0.0,0.0,0.02,64.0,2048.0
in.lj,7.98,7.98,7.98,0.0,0.0,0.0,0.06,0.0,0.03,0.0,96.45,0.0,0.13,0.0,0.0,0.01,0.0,0.01,2.89,0.0,0.2,0.0,0.03,0.0,0.0,0.0,0.01,0.0,0.02,0.02,0.2,1.0,32.0
in.lj,64.59,64.26,64.39,11.8,29.12,0.57,1.6,0.0,0.0,0.0,69.5,1.11,0.39,0.0,0.0,0.0,3.32,0.0,4.11,20.8,0.7,0.01,0.04,0.0,0.0,0.0,0.0,0.0,0.0,0.0,0.02,2.0,32.0
in.lj,84.66,55.38,72.18,18.24,29.0,2.45,2.13,0.0,0.01,0.0,65.96,2.33,0.45,0.0,0.0,0.0,0.59,0.0,1.05,27.59,1.96,0.02,0.01,0.0,0.0,0.0,0.0,0.0,0.0,0.0,0.04,4.0,32.0
in.lj,93.79,79.96,88.35,9.6,13.59,0.98,6.15,0.0,0.01,0.0,83.73,0.65,1.23,0.0,0.0,0.0,0.57,0.0,2.25,9.12,2.37,0.02,0.01,0.0,0.0,0.0,0.0,0.0,0.0,0.0,0.03,8.0,32.0
in.lj,97.74,95.61,96.15,5.07,6.78,0.44,20.39,0.0,0.01,0.0,92.72,0.03,0.1,0.0,0.0,0.0,0.22,0.0,0.21,5.23,1.41,0.01,0.01,0.0,0.0,0.0,0.0,0.0,0.0,0.0,0.05,16.0,32.0
in.lj,99.36,96.6,98.27,3.47,4.31,0.67,54.56,0.0,0.01,0.0,94.79,0.55,0.06,0.0,0.0,0.0,0.2,0.0,0.26,2.46,1.39,0.01,0.01,0.0,0.0,0.0,0.0,0.0,0.0,0.0,0.27,32.0,32.0
in.lj,99.73,97.66,99.16,1.74,2.47,0.04,152.21,0.0,0.01,0.0,97.14,0.03,0.62,0.0,0.0,0.0,0.09,0.0,0.32,1.02,0.72,0.01,0.01,0.0,0.0,0.0,0.0,0.0,0.0,0.0,0.04,64.0,32.0
in.lj,1.51,1.51,1.51,0.0,0.0,0.0,0.07,0.0,0.02,0.0,89.09,0.0,0.95,0.0,0.0,0.01,0.0,0.01,8.7,0.0,0.18,0.0,0.79,0.01,0.0,0.0,0.0,0.0,0.02,0.02,0.21,1.0,256.0
in.lj,60.11,9.43,36.54,20.87,38.83,0.21,3.58,0.0,0.0,0.0,38.58,2.27,1.37,0.0,0.0,0.0,1.33,0.0,0.05,56.25,0.1,0.01,0.02,0.0,0.0,0.0,0.0,0.0,0.0,0.0,0.01,2.0,256.0
in.lj,61.29,35.1,51.56,28.37,39.45,3.55,5.98,0.0,0.0,0.0,30.7,0.45,1.92,0.0,0.0,0.0,8.33,0.0,0.1,57.61,0.83,0.02,0.01,0.0,0.0,0.0,0.0,0.0,0.01,0.0,0.02,4.0,256.0
in.lj,74.96,38.06,63.24,26.06,32.76,2.78,9.9,0.0,0.0,0.0,53.17,0.34,0.39,0.0,0.0,0.0,0.88,0.0,0.16,42.83,2.17,0.02,0.01,0.0,0.0,0.0,0.0,0.0,0.0,0.0,0.01,8.0,256.0
in.lj,82.05,80.32,80.99,17.47,20.88,0.34,23.85,0.0,0.01,0.0,74.63,0.04,1.74,0.0,0.0,0.0,0.45,0.0,0.18,20.27,2.62,0.02,0.01,0.0,0.0,0.0,0.0,0.0,0.0,0.0,0.04,16.0,256.0
in.lj,95.92,84.5,91.39,9.54,10.86,0.6,61.14,0.0,0.01,0.0,87.32,0.4,0.82,0.0,0.0,0.0,0.24,0.0,0.23,9.28,1.65,0.01,0.01,0.0,0.0,0.0,0.0,0.0,0.0,0.0,0.03,32.0,256.0
in.lj,98.68,93.98,96.57,4.32,5.0,0.09,159.4,0.0,0.01,0.0,93.73,0.05,0.46,0.0,0.0,0.0,0.16,0.0,0.32,4.44,0.78,0.01,0.01,0.0,0.0,0.0,0.0,0.0,0.01,0.0,0.03,64.0,256.0
in.lj,0.45,0.45,0.45,0.0,0.0,0.0,0.07,0.0,0.02,0.0,89.51,0.0,0.92,0.0,0.0,0.01,0.0,0.01,8.35,0.0,0.16,0.0,0.77,0.01,0.0,0.0,0.0,0.0,0.02,0.03,0.2,1.0,864.0
in.lj,49.81,6.63,27.81,22.85,46.54,0.05,8.53,0.0,0.0,0.0,14.57,2.06,0.82,0.0,0.0,0.0,0.45,0.0,0.15,81.68,0.06,0.01,0.19,0.0,0.0,0.0,0.0,0.0,0.0,0.0,0.01,2.0,864.0
in.lj,53.29,6.02,39.73,32.39,43.92,0.11,12.59,0.0,0.0,0.0,13.19,2.72,1.06,0.0,0.0,0.0,25.89,0.0,0.16,56.16,0.77,0.03,0.01,0.0,0.0,0.0,0.0,0.0,0.0,0.0,0.01,4.0,864.0
in.lj,53.4,29.1,49.23,31.43,37.86,0.24,17.87,0.0,0.01,0.0,28.91,2.93,0.58,0.0,0.0,0.0,1.3,0.0,0.08,65.02,1.12,0.04,0.01,0.0,0.0,0.0,0.0,0.0,0.0,0.0,0.01,8.0,864.0
in.lj,70.39,33.45,58.51,29.54,34.65,2.55,27.64,0.0,0.0,0.0,41.65,1.54,1.88,0.0,0.0,0.0,0.91,0.0,0.14,52.65,1.13,0.06,0.01,0.0,0.0,0.0,0.0,0.0,0.0,0.0,0.03,16.0,864.0
in.lj,87.65,61.63,78.51,18.82,22.36,1.49,75.67,0.0,0.01,0.0,71.82,1.19,0.58,0.0,0.0,0.0,0.44,0.0,0.2,23.66,2.04,0.03,0.01,0.0,0.0,0.0,0.0,0.0,0.0,0.0,0.03,32.0,864.0
in.lj,95.6,80.24,89.45,11.19,12.48,0.32,176.09,0.0,0.01,0.0,84.21,0.38,1.31,0.0,0.0,0.0,0.25,0.0,0.29,12.86,0.64,0.02,0.01,0.0,0.0,0.0,0.0,0.0,0.0,0.0,0.03,64.0,864.0
in.lj,3.6,3.6,3.6,0.0,0.0,0.0,0.05,0.0,0.03,0.0,99.29,0.0,0.08,0.0,0.0,0.01,0.0,0.01,0.0,0.0,0.21,0.0,0.05,0.01,0.0,0.0,0.01,0.0,0.0,0.04,0.26,1.0,2048.0
in.lj,64.39,54.87,61.04,9.56,23.71,1.9,1.46,0.0,0.0,0.0,82.8,5.05,9.95,0.0,0.0,0.0,0.16,0.0,0.0,1.22,0.74,0.0,0.04,0.0,0.0,0.0,0.0,0.0,0.0,0.0,0.03,2.0,2048.0
in.lj,50.46,6.03,38.79,35.11,47.29,0.04,28.7,0.0,0.0,0.0,6.36,2.96,0.69,0.0,0.0,0.0,32.2,0.0,0.06,57.37,0.17,0.03,0.16,0.0,0.0,0.0,0.0,0.0,0.0,0.0,0.0,4.0,2048.0
in.lj,55.76,8.01,46.52,37.6,43.67,0.11,37.1,0.0,0.0,0.0,14.44,2.38,0.82,0.0,0.0,0.0,1.74,0.0,0.07,79.91,0.58,0.04,0.01,0.0,0.0,0.0,0.0,0.0,0.0,0.0,0.0,8.0,2048.0
in.lj,54.14,30.68,49.96,33.87,38.99,0.36,44.83,0.0,0.0,0.0,24.24,2.25,2.26,0.0,0.0,0.0,3.4,0.0,0.08,66.98,0.66,0.09,0.01,0.0,0.0,0.0,0.0,0.0,0.0,0.0,0.02,16.0,2048.0
in.lj,76.09,38.2,63.5,28.79,35.4,2.37,83.89,0.0,0.0,0.0,47.08,1.97,1.38,0.0,0.0,0.0,0.95,0.0,0.16,46.87,0.99,0.06,0.5,0.0,0.0,0.0,0.0,0.0,0.0,0.0,0.03,32.0,2048.0
in.lj,89.77,64.71,79.96,19.29,21.98,1.31,211.71,0.0,0.01,0.0,70.31,1.05,1.02,0.0,0.0,0.0,0.39,0.0,0.64,25.94,0.58,0.03,0.01,0.0,0.0,0.0,0.0,0.0,0.0,0.0,0.02,64.0,2048.0
in.rhodo,0.27,0.27,0.27,0.0,0.0,0.0,0.11,0.0,0.0,0.01,87.0,0.0,3.9,0.0,0.0,0.0,0.0,0.0,5.07,0.0,0.24,0.0,0.51,0.01,0.03,1.29,0.0,0.26,0.02,1.51,0.13,1.0,32.0
in.rhodo,50.71,3.97,27.15,23.97,48.22,0.12,21.44,1.61,0.0,0.0,6.08,1.82,16.61,0.0,0.0,0.0,0.77,0.0,0.07,71.56,1.27,0.02,0.08,0.0,0.08,0.0,0.0,0.01,0.0,0.0,0.02,2.0,32.0
in.rhodo,51.53,11.09,40.89,35.23,48.08,0.42,34.02,4.06,0.0,0.0,4.09,1.75,16.19,0.0,0.0,0.0,1.48,0.0,0.01,69.43,2.79,0.08,0.0,0.0,0.09,0.0,0.0,0.01,0.0,0.0,0.01,4.0,32.0
in.rhodo,56.56,15.2,49.82,39.9,47.0,2.08,47.46,3.37,0.0,0.01,9.65,1.38,21.42,0.0,0.0,0.0,1.16,0.0,0.06,59.1,3.72,0.06,0.0,0.0,0.01,0.01,0.0,0.02,0.0,0.0,0.02,8.0,32.0
in.rhodo,65.57,36.32,58.61,41.52,46.46,3.09,70.3,22.66,0.0,0.01,15.13,1.47,17.39,0.0,0.0,0.0,1.33,0.0,0.07,35.96,5.73,0.12,0.0,0.0,0.01,0.06,0.0,0.03,0.0,0.0,0.02,16.0,32.0
in.rhodo,76.98,50.73,69.56,38.03,43.64,3.21,133.86,17.26,0.0,0.19,31.96,0.12,20.0,0.0,0.0,0.0,1.32,0.0,0.1,20.63,7.79,0.12,0.0,0.0,0.32,0.11,0.0,0.04,0.0,0.0,0.05,32.0,32.0
in.rhodo,88.4,60.89,79.44,28.18,30.43,2.21,271.05,14.31,0.0,0.27,53.14,0.31,12.43,0.0,0.0,0.0,1.25,0.0,0.17,13.35,3.53,0.15,0.01,0.0,0.12,0.89,0.0,0.04,0.0,0.0,0.02,64.0,32.0
in.rhodo,0.13,0.13,0.13,0.0,0.0,0.0,0.07,0.0,0.0,0.03,81.46,0.0,2.92,0.0,0.0,0.01,0.0,0.01,7.75,0.0,1.1,0.0,0.08,0.01,0.07,3.79,0.0,0.86,0.03,1.61,0.27,1.0,256.0
in.rhodo,50.9,1.57,26.38,24.42,48.5,0.05,28.71,1.65,0.0,0.0,4.35,2.0,17.6,0.0,0.0,0.0,0.8,0.0,0.05,72.03,1.12,0.01,0.1,0.0,0.14,0.12,0.0,0.0,0.0,0.0,0.05,2.0,256.0
in.rhodo,51.5,3.14,38.9,36.29,49.23,0.4,43.91,2.39,0.0,0.0,4.09,2.08,18.97,0.0,0.0,0.0,2.44,0.0,0.04,67.33,2.3,0.01,0.01,0.0,0.31,0.01,0.0,0.01,0.0,0.0,0.01,4.0,256.0
in.rhodo,53.58,7.6,45.93,40.0,46.38,0.52,55.08,2.13,0.0,0.0,7.95,1.95,19.1,0.0,0.0,0.0,0.81,0.0,0.02,63.83,3.74,0.02,0.2,0.0,0.02,0.21,0.0,0.02,0.0,0.0,0.01,8.0,256.0
in.rhodo,59.32,16.17,50.93,37.66,43.7,1.21,69.76,14.63,0.0,0.01,18.14,1.88,16.7,0.0,0.0,0.0,1.06,0.0,0.07,40.12,6.92,0.03,0.01,0.0,0.28,0.06,0.0,0.03,0.0,0.0,0.05,16.0,256.0
in.rhodo,71.71,34.03,60.04,33.49,39.03,2.08,111.62,17.81,0.0,0.37,33.5,0.83,8.61,0.0,0.0,0.0,1.16,0.0,0.11,26.14,10.22,0.04,0.45,0.0,0.14,0.51,0.0,0.04,0.0,0.0,0.07,32.0,256.0
in.rhodo,85.5,57.35,75.36,26.72,29.76,2.46,260.62,14.69,0.0,0.01,57.03,1.28,7.62,0.0,0.0,0.0,0.71,0.0,0.19,12.71,4.23,0.04,0.02,0.0,0.4,0.99,0.0,0.04,0.0,0.0,0.03,64.0,256.0
in.rhodo,0.04,0.04,0.04,0.0,0.0,0.0,0.08,0.0,0.0,0.03,77.08,0.0,3.44,0.0,0.0,0.01,0.0,0.01,7.66,0.0,1.04,0.0,0.05,0.01,0.09,7.0,0.0,1.19,0.04,2.1,0.25,1.0,864.0
in.rhodo,50.2,0.94,25.53,24.69,49.46,0.02,93.75,1.74,0.0,0.0,1.43,2.65,19.25,0.0,0.0,0.0,0.52,0.0,0.02,73.81,0.29,0.0,0.11,0.0,0.15,0.0,0.0,0.0,0.0,0.0,0.03,2.0,864.0
in.rhodo,50.83,1.49,38.22,37.03,50.33,0.05,142.8,1.27,0.0,0.0,1.19,2.75,19.41,0.0,0.0,0.0,3.71,0.0,0.01,70.63,0.74,0.02,0.05,0.0,0.19,0.01,0.0,0.0,0.0,0.0,0.03,4.0,864.0
in.rhodo,51.53,3.77,44.84,41.88,48.39,0.26,171.23,2.46,0.0,0.0,3.47,2.42,18.92,0.0,0.0,0.0,3.15,0.0,0.02,67.73,1.4,0.02,0.06,0.0,0.3,0.03,0.0,0.01,0.0,0.0,0.01,8.0,864.0
in.rhodo,53.08,7.25,48.48,43.33,47.83,0.48,195.72,18.27,0.0,0.0,5.7,1.41,18.93,0.0,0.0,0.0,2.22,0.0,0.15,50.21,2.64,0.03,0.12,0.0,0.14,0.15,0.0,0.01,0.0,0.0,0.01,16.0,864.0
in.rhodo,61.82,20.85,56.02,39.18,43.15,1.63,275.71,21.07,0.0,0.01,23.54,1.41,16.5,0.0,0.0,0.0,1.38,0.0,0.04,31.25,4.11,0.03,0.19,0.0,0.2,0.23,0.0,0.02,0.0,0.0,0.03,32.0,864.0
in.rhodo,73.87,30.88,63.19,35.05,37.22,1.46,419.44,18.37,0.0,0.01,35.73,0.97,20.06,0.0,0.0,0.0,1.19,0.0,0.3,19.85,2.36,0.04,0.25,0.0,0.11,0.7,0.0,0.02,0.0,0.0,0.02,64.0,864.0
in.rhodo,0.75,0.75,0.75,0.0,0.0,0.0,0.07,0.0,0.0,0.02,80.18,0.0,0.31,0.0,0.0,0.01,0.0,0.01,0.0,0.0,1.05,0.0,0.03,0.01,0.8,14.66,0.0,2.61,0.0,0.03,0.27,1.0,2048.0
in.rhodo,47.56,15.84,30.9,20.12,41.96,0.37,3.96,0.0,0.0,0.35,30.19,25.5,12.73,0.0,0.0,0.0,0.14,0.0,0.0,9.23,8.89,0.0,2.69,0.0,8.81,0.17,0.0,0.03,0.0,0.0,1.27,2.0,2048.0
in.rhodo,50.74,1.22,38.33,37.43,50.21,0.03,338.06,0.21,0.0,0.0,0.6,3.25,19.35,0.0,0.0,0.0,5.46,0.0,0.0,70.47,0.33,0.0,0.1,0.0,0.17,0.03,0.0,0.0,0.0,0.0,0.02,4.0,2048.0
in.rhodo,50.76,2.16,44.4,42.67,49.09,0.07,396.81,1.33,0.0,0.0,1.29,2.78,19.77,0.0,0.0,0.0,4.02,0.0,0.01,69.8,0.62,0.02,0.08,0.0,0.23,0.02,0.0,0.0,0.0,0.0,0.02,8.0,2048.0
in.rhodo,51.46,3.57,47.5,44.78,48.86,0.21,434.99,19.23,0.0,0.0,2.54,1.96,20.01,0.0,0.0,0.0,3.56,0.0,0.01,51.17,1.16,0.02,0.07,0.0,0.15,0.11,0.0,0.0,0.0,0.0,0.01,16.0,2048.0
in.rhodo,55.23,8.28,51.1,44.48,47.28,0.6,517.25,28.51,0.0,0.08,8.56,0.94,20.15,0.0,0.0,0.0,2.25,0.0,0.03,36.7,2.3,0.03,0.14,0.0,0.04,0.25,0.0,0.01,0.0,0.0,0.01,32.0,2048.0
in.rhodo,63.3,17.66,55.2,40.2,42.13,1.14,704.93,29.76,0.0,0.0,20.35,0.36,20.14,0.0,0.0,0.0,1.42,0.0,0.07,25.69,1.21,0.04,0.03,0.0,0.11,0.8,0.0,0.01,0.0,0.0,0.01,64.0,2048.0
