Benchmark,Size,Processes,Section,min time,avg time,max time,%varavg,%CPU,%total
in.chain.timer,32,1,Pair,0.27766,0.27766,0.27766,0.0,98.7,29.80
in.chain.timer,32,1,Bond,0.051506,0.051506,0.051506,0.0,99.8,5.53
in.chain.timer,32,1,Neigh,0.21768,0.21768,0.21768,0.0,98.8,23.36
in.chain.timer,32,1,Comm,0.11251,0.11251,0.11251,0.0,99.1,12.07
in.chain.timer,32,1,Output,0.00013509,0.00013509,0.00013509,0.0,100.0,0.01
in.chain.timer,32,1,Modify,0.23577,0.23577,0.23577,0.0,99.2,25.30
in.chain.timer,32,1,Other,,0.03655,,,,3.92
in.chain.timer,32,2,Pair,0.13627,0.13665,0.13703,0.1,98.3,29.50
in.chain.timer,32,2,Bond,0.025559,0.025666,0.025772,0.1,98.3,5.54
in.chain.timer,32,2,Neigh,0.11298,0.11299,0.113,0.0,98.9,24.39
in.chain.timer,32,2,Comm,0.06391,0.06423,0.064551,0.1,98.7,13.86
in.chain.timer,32,2,Output,7.032e-05,7.8102e-05,8.5884e-05,0.0,100.0,0.02
in.chain.timer,32,2,Modify,0.10482,0.10502,0.10522,0.1,98.0,22.67
in.chain.timer,32,2,Other,,0.01862,,,,4.02
in.chain.timer,32,4,Pair,0.070557,0.071422,0.072439,0.3,98.9,30.58
in.chain.timer,32,4,Bond,0.011263,0.011387,0.011533,0.1,99.5,4.87
in.chain.timer,32,4,Neigh,0.05549,0.055541,0.0556,0.0,99.4,23.78
in.chain.timer,32,4,Comm,0.033967,0.035369,0.036919,0.7,98.6,15.14
in.chain.timer,32,4,Output,5.2035e-05,5.767e-05,6.7478e-05,0.0,100.0,0.02
in.chain.timer,32,4,Modify,0.050941,0.051763,0.052293,0.2,99.4,22.16
in.chain.timer,32,4,Other,,0.008036,,,,3.44
in.chain.timer,32,8,Pair,0.032415,0.03297,0.033648,0.2,95.9,27.11
in.chain.timer,32,8,Bond,0.0055028,0.0055613,0.0057422,0.1,95.2,4.57
in.chain.timer,32,8,Neigh,0.029465,0.02955,0.029618,0.0,96.2,24.30
in.chain.timer,32,8,Comm,0.022969,0.023429,0.023963,0.2,94.2,19.26
in.chain.timer,32,8,Output,4.2177e-05,4.7418e-05,5.9671e-05,0.0,100.0,0.04
in.chain.timer,32,8,Modify,0.024869,0.025066,0.025319,0.1,96.1,20.61
in.chain.timer,32,8,Other,,0.004999,,,,4.11
in.chain.timer,32,16,Pair,0.013649,0.015829,0.016313,0.5,95.1,25.52
in.chain.timer,32,16,Bond,0.0022669,0.0027319,0.0028311,0.2,95.2,4.40
in.chain.timer,32,16,Neigh,0.015524,0.015535,0.01557,0.0,94.4,25.04
in.chain.timer,32,16,Comm,0.012359,0.012967,0.016045,0.7,93.2,20.90
in.chain.timer,32,16,Output,4.5623e-05,4.9894e-05,7.1043e-05,0.0,100.0,0.08
in.chain.timer,32,16,Modify,0.010158,0.012304,0.012517,0.5,95.3,19.83
in.chain.timer,32,16,Other,,0.002615,,,,4.22
in.chain.timer,32,32,Pair,0.0079352,0.008811,0.0097821,0.6,90.2,19.65
in.chain.timer,32,32,Bond,0.0014161,0.0014462,0.0014877,0.0,90.3,3.22
in.chain.timer,32,32,Neigh,0.010533,0.010632,0.010693,0.0,91.7,23.70
in.chain.timer,32,32,Comm,0.012912,0.014194,0.015766,0.6,88.9,31.65
in.chain.timer,32,32,Output,4.8532e-05,5.5597e-05,6.8934e-05,0.0,99.6,0.12
in.chain.timer,32,32,Modify,0.006265,0.0063913,0.0070416,0.2,90.1,14.25
in.chain.timer,32,32,Other,,0.00332,,,,7.40
in.chain.timer,32,64,Pair,0.0043184,0.0046596,0.0049695,0.2,75.2,13.56
in.chain.timer,32,64,Bond,0.00074309,0.00076492,0.00079657,0.0,75.3,2.23
in.chain.timer,32,64,Neigh,0.0061293,0.0063912,0.0066813,0.2,72.5,18.60
in.chain.timer,32,64,Comm,0.015721,0.016583,0.017437,0.3,63.8,48.25
in.chain.timer,32,64,Output,5.4521e-05,5.9764e-05,7.1759e-05,0.0,91.9,0.17
in.chain.timer,32,64,Modify,0.003214,0.0032992,0.0035644,0.1,75.8,9.60
in.chain.timer,32,64,Other,,0.002612,,,,7.60
in.chain.timer,256,1,Pair,1.8206,1.8206,1.8206,0.0,99.2,28.14
in.chain.timer,256,1,Bond,0.35455,0.35455,0.35455,0.0,99.1,5.48
in.chain.timer,256,1,Neigh,1.5626,1.5626,1.5626,0.0,99.2,24.16
in.chain.timer,256,1,Comm,1.009,1.009,1.009,0.0,99.1,15.60
in.chain.timer,256,1,Output,0.00065992,0.00065992,0.00065992,0.0,100.0,0.01
in.chain.timer,256,1,Modify,1.5028,1.5028,1.5028,0.0,99.0,23.23
in.chain.timer,256,1,Other,,0.2187,,,,3.38
in.chain.timer,256,2,Pair,1.0148,1.0268,1.0387,1.2,97.7,27.22
in.chain.timer,256,2,Bond,0.19403,0.19625,0.19846,0.5,97.2,5.20
in.chain.timer,256,2,Neigh,0.88676,0.88699,0.88723,0.0,97.0,23.52
in.chain.timer,256,2,Comm,0.63642,0.65266,0.6689,2.0,96.7,17.30
in.chain.timer,256,2,Output,0.00030761,0.00039631,0.00048501,0.0,100.0,0.01
in.chain.timer,256,2,Modify,0.85306,0.86579,0.87852,1.4,97.4,22.95
in.chain.timer,256,2,Other,,0.1432,,,,3.80
in.chain.timer,256,4,Pair,0.52938,0.54973,0.57354,2.5,98.6,25.71
in.chain.timer,256,4,Bond,0.10068,0.10602,0.11166,1.5,98.5,4.96
in.chain.timer,256,4,Neigh,0.47348,0.47439,0.47527,0.1,98.3,22.19
in.chain.timer,256,4,Comm,0.40664,0.44157,0.47401,4.3,96.5,20.65
in.chain.timer,256,4,Output,0.00016801,0.00057481,0.00098064,0.0,100.0,0.03
in.chain.timer,256,4,Modify,0.4394,0.4651,0.49198,3.4,97.3,21.75
in.chain.timer,256,4,Other,,0.1006,,,,4.70
in.chain.timer,256,8,Pair,0.26796,0.2726,0.27985,0.8,98.7,26.43
in.chain.timer,256,8,Bond,0.049209,0.050902,0.053597,0.7,98.4,4.94
in.chain.timer,256,8,Neigh,0.2294,0.23024,0.23099,0.1,98.8,22.33
in.chain.timer,256,8,Comm,0.18473,0.19694,0.20665,1.7,96.3,19.10
in.chain.timer,256,8,Output,0.00016788,0.00037971,0.00041799,0.0,100.0,0.04
in.chain.timer,256,8,Modify,0.22336,0.23053,0.241,1.3,97.9,22.35
in.chain.timer,256,8,Other,,0.04969,,,,4.82
in.chain.timer,256,16,Pair,0.1354,0.13758,0.14013,0.4,99.0,26.50
in.chain.timer,256,16,Bond,0.024934,0.025668,0.026825,0.3,99.2,4.94
in.chain.timer,256,16,Neigh,0.12806,0.12832,0.12888,0.1,99.3,24.72
in.chain.timer,256,16,Comm,0.095065,0.098928,0.1034,0.7,96.6,19.06
in.chain.timer,256,16,Output,9.4465e-05,0.00015223,0.00030976,0.0,100.0,0.03
in.chain.timer,256,16,Modify,0.1024,0.10431,0.10698,0.4,98.9,20.09
in.chain.timer,256,16,Other,,0.02416,,,,4.65
in.chain.timer,256,32,Pair,0.070217,0.071731,0.073938,0.3,98.4,27.45
in.chain.timer,256,32,Bond,0.011186,0.011523,0.012197,0.2,98.3,4.41
in.chain.timer,256,32,Neigh,0.060365,0.060829,0.061274,0.1,94.4,23.28
in.chain.timer,256,32,Comm,0.046336,0.050042,0.053315,1.0,92.4,19.15
in.chain.timer,256,32,Output,7.5209e-05,8.178e-05,0.000101,0.0,100.0,0.03
in.chain.timer,256,32,Modify,0.052159,0.053497,0.054825,0.4,98.1,20.47
in.chain.timer,256,32,Other,,0.01359,,,,5.20
in.chain.timer,256,64,Pair,0.033737,0.034247,0.036602,0.2,97.7,24.56
in.chain.timer,256,64,Bond,0.0055341,0.0056514,0.0060881,0.1,97.6,4.05
in.chain.timer,256,64,Neigh,0.031676,0.03201,0.032455,0.1,98.3,22.96
in.chain.timer,256,64,Comm,0.029709,0.031629,0.033754,0.6,96.9,22.68
in.chain.timer,256,64,Output,6.8366e-05,8.0169e-05,9.8923e-05,0.0,100.0,0.06
in.chain.timer,256,64,Modify,0.025736,0.02614,0.027089,0.1,97.4,18.75
in.chain.timer,256,64,Other,,0.009671,,,,6.94
in.chain.timer,864,1,Pair,6.0917,6.0917,6.0917,0.0,99.2,26.97
in.chain.timer,864,1,Bond,1.2038,1.2038,1.2038,0.0,99.2,5.33
in.chain.timer,864,1,Neigh,5.403,5.403,5.403,0.0,99.3,23.92
in.chain.timer,864,1,Comm,4.3824,4.3824,4.3824,0.0,99.1,19.40
in.chain.timer,864,1,Output,0.0022042,0.0022042,0.0022042,0.0,100.0,0.01
in.chain.timer,864,1,Modify,4.8529,4.8529,4.8529,0.0,99.2,21.48
in.chain.timer,864,1,Other,,0.6545,,,,2.90
in.chain.timer,864,2,Pair,3.0826,3.0934,3.1042,0.6,99.1,27.45
in.chain.timer,864,2,Bond,0.57024,0.57101,0.57178,0.1,99.2,5.07
in.chain.timer,864,2,Neigh,2.6489,2.6494,2.6499,0.0,99.2,23.51
in.chain.timer,864,2,Comm,2.1345,2.1448,2.1551,0.7,97.2,19.03
in.chain.timer,864,2,Output,0.001028,0.0011097,0.0011914,0.2,100.0,0.01
in.chain.timer,864,2,Modify,2.4479,2.4573,2.4666,0.6,99.1,21.80
in.chain.timer,864,2,Other,,0.3532,,,,3.13
in.chain.timer,864,4,Pair,1.5503,1.5942,1.6463,3.3,98.9,26.15
in.chain.timer,864,4,Bond,0.30655,0.31562,0.32677,1.5,98.7,5.18
in.chain.timer,864,4,Neigh,1.4005,1.4029,1.4055,0.2,98.7,23.02
in.chain.timer,864,4,Comm,1.1841,1.2535,1.3097,5.0,94.9,20.56
in.chain.timer,864,4,Output,0.00094205,0.0011379,0.0012922,0.4,100.0,0.02
in.chain.timer,864,4,Modify,1.2431,1.2886,1.3439,3.8,97.9,21.14
in.chain.timer,864,4,Other,,0.2395,,,,3.93
in.chain.timer,864,8,Pair,0.83844,0.86753,0.906,2.7,99.4,25.78
in.chain.timer,864,8,Bond,0.17035,0.1762,0.18225,1.0,99.7,5.24
in.chain.timer,864,8,Neigh,0.73505,0.73676,0.73852,0.2,99.5,21.89
in.chain.timer,864,8,Comm,0.67515,0.72496,0.7619,3.6,95.0,21.54
in.chain.timer,864,8,Output,0.0003027,0.00051754,0.00057069,0.0,100.0,0.02
in.chain.timer,864,8,Modify,0.6695,0.69868,0.73934,2.8,97.6,20.76
in.chain.timer,864,8,Other,,0.1604,,,,4.77
in.chain.timer,864,16,Pair,0.49733,0.50549,0.52021,0.9,99.2,25.10
in.chain.timer,864,16,Bond,0.10057,0.10333,0.11007,0.8,99.5,5.13
in.chain.timer,864,16,Neigh,0.42165,0.42405,0.42615,0.2,99.6,21.06
in.chain.timer,864,16,Comm,0.44872,0.46953,0.48099,1.3,95.9,23.31
in.chain.timer,864,16,Output,0.00017417,0.0003519,0.00098993,0.0,100.0,0.02
in.chain.timer,864,16,Modify,0.39839,0.40887,0.42356,1.2,98.4,20.30
in.chain.timer,864,16,Other,,0.1024,,,,5.08
in.chain.timer,864,32,Pair,0.23696,0.24056,0.24503,0.3,98.8,27.23
in.chain.timer,864,32,Bond,0.041441,0.042108,0.043467,0.2,98.9,4.77
in.chain.timer,864,32,Neigh,0.20405,0.20517,0.20624,0.1,99.5,23.22
in.chain.timer,864,32,Comm,0.1579,0.1635,0.16792,0.7,96.0,18.50
in.chain.timer,864,32,Output,0.00013139,0.00031987,0.0004049,0.0,100.0,0.04
in.chain.timer,864,32,Modify,0.1859,0.18893,0.19457,0.4,98.7,21.38
in.chain.timer,864,32,Other,,0.04299,,,,4.86
in.chain.timer,864,64,Pair,0.11716,0.118,0.12208,0.2,98.5,25.50
in.chain.timer,864,64,Bond,0.020187,0.020681,0.022021,0.2,98.2,4.47
in.chain.timer,864,64,Neigh,0.11299,0.11369,0.1147,0.1,99.2,24.56
in.chain.timer,864,64,Comm,0.083222,0.088242,0.092193,0.7,96.8,19.07
in.chain.timer,864,64,Output,6.8669e-05,8.6031e-05,0.00010131,0.0,100.0,0.02
in.chain.timer,864,64,Modify,0.090916,0.092668,0.095814,0.3,98.3,20.02
in.chain.timer,864,64,Other,,0.02946,,,,6.37
in.chain.timer,2048,4,Pair,3.6488,3.7276,3.8391,4.0,99.0,25.34
in.chain.timer,2048,4,Bond,0.74947,0.76915,0.79476,2.1,98.9,5.23
in.chain.timer,2048,4,Neigh,3.3186,3.324,3.3282,0.2,98.9,22.60
in.chain.timer,2048,4,Comm,3.259,3.4027,3.5139,5.7,95.6,23.13
in.chain.timer,2048,4,Output,0.001348,0.0017734,0.0020668,0.7,100.0,0.01
in.chain.timer,2048,4,Modify,2.8714,2.9597,3.0673,4.7,98.5,20.12
in.chain.timer,2048,4,Other,,0.5243,,,,3.56
in.chain.timer,2048,8,Pair,1.8675,1.9001,1.97,2.2,99.7,25.36
in.chain.timer,2048,8,Bond,0.39206,0.39996,0.41701,1.2,99.7,5.34
in.chain.timer,2048,8,Neigh,1.6136,1.617,1.6185,0.1,99.7,21.58
in.chain.timer,2048,8,Comm,1.6392,1.733,1.7788,3.1,95.3,23.13
in.chain.timer,2048,8,Output,0.00073268,0.00098451,0.0010935,0.0,100.0,0.01
in.chain.timer,2048,8,Modify,1.5023,1.5362,1.6,2.3,99.1,20.51
in.chain.timer,2048,8,Other,,0.3043,,,,4.06
in.chain.timer,2048,16,Pair,1.0062,1.0261,1.0661,1.7,99.7,24.70
in.chain.timer,2048,16,Bond,0.20415,0.20946,0.22079,1.0,99.6,5.04
in.chain.timer,2048,16,Neigh,0.90915,0.91009,0.91103,0.1,99.6,21.91
in.chain.timer,2048,16,Comm,0.94571,0.98304,1.0248,2.8,95.4,23.67
in.chain.timer,2048,16,Output,0.00044682,0.00054775,0.00079842,0.0,100.0,0.01
in.chain.timer,2048,16,Modify,0.80316,0.82236,0.86073,1.8,98.8,19.80
in.chain.timer,2048,16,Other,,0.2019,,,,4.86
in.chain.timer,2048,32,Pair,0.58421,0.59599,0.61343,0.9,99.5,25.44
in.chain.timer,2048,32,Bond,0.11623,0.12088,0.13035,0.9,99.5,5.16
in.chain.timer,2048,32,Neigh,0.49189,0.49374,0.49509,0.1,99.6,21.08
in.chain.timer,2048,32,Comm,0.51803,0.54122,0.56541,1.8,95.6,23.10
in.chain.timer,2048,32,Output,0.0002951,0.0015267,0.0028946,1.9,100.0,0.07
in.chain.timer,2048,32,Modify,0.45851,0.47049,0.49265,1.2,97.7,20.09
in.chain.timer,2048,32,Other,,0.1186,,,,5.06
in.chain.timer,2048,64,Pair,0.31526,0.3175,0.328,0.4,98.8,24.55
in.chain.timer,2048,64,Bond,0.058296,0.060061,0.067521,0.7,99.7,4.64
in.chain.timer,2048,64,Neigh,0.27477,0.27644,0.27753,0.1,99.5,21.37
in.chain.timer,2048,64,Comm,0.29515,0.30776,0.32078,1.3,96.7,23.79
in.chain.timer,2048,64,Output,0.00015711,0.00017751,0.00023525,0.0,100.0,0.01
in.chain.timer,2048,64,Modify,0.24374,0.24943,0.25661,0.6,98.6,19.28
in.chain.timer,2048,64,Other,,0.08207,,,,6.34
in.chute.timer,32,1,Pair,0.16982,0.16982,0.16982,0.0,98.8,50.72
in.chute.timer,32,1,Neigh,0.034114,0.034114,0.034114,0.0,99.2,10.19
in.chute.timer,32,1,Comm,0.016663,0.016663,0.016663,0.0,98.5,4.98
in.chute.timer,32,1,Output,0.00019013,0.00019013,0.00019013,0.0,100.0,0.06
in.chute.timer,32,1,Modify,0.089975,0.089975,0.089975,0.0,98.7,26.87
in.chute.timer,32,1,Other,,0.02405,,,,7.18
in.chute.timer,32,2,Pair,0.09021,0.092197,0.094185,0.7,95.6,47.54
in.chute.timer,32,2,Neigh,0.021235,0.021456,0.021677,0.2,97.7,11.06
in.chute.timer,32,2,Comm,0.016686,0.016731,0.016775,0.0,95.4,8.63
in.chute.timer,32,2,Output,9.507e-05,0.00011239,0.00012971,0.0,100.0,0.06
in.chute.timer,32,2,Modify,0.04553,0.04675,0.047971,0.6,96.7,24.11
in.chute.timer,32,2,Other,,0.0167,,,,8.61
in.chute.timer,32,4,Pair,0.039997,0.043244,0.046416,1.5,98.3,45.65
in.chute.timer,32,4,Neigh,0.010665,0.010743,0.010846,0.1,99.3,11.34
in.chute.timer,32,4,Comm,0.010708,0.011476,0.012218,0.5,96.4,12.12
in.chute.timer,32,4,Output,5.9168e-05,8.2759e-05,0.00010888,0.0,100.0,0.09
in.chute.timer,32,4,Modify,0.018161,0.018817,0.019386,0.4,97.7,19.87
in.chute.timer,32,4,Other,,0.01036,,,,10.93
in.chute.timer,32,8,Pair,0.020561,0.022733,0.025038,1.3,96.8,43.34
in.chute.timer,32,8,Neigh,0.0054544,0.0055248,0.0055992,0.1,100.0,10.53
in.chute.timer,32,8,Comm,0.0094129,0.0098422,0.010407,0.3,95.5,18.76
in.chute.timer,32,8,Output,4.2546e-05,7.5628e-05,0.00010429,0.0,99.5,0.14
in.chute.timer,32,8,Modify,0.0084646,0.0085979,0.0088359,0.1,97.3,16.39
in.chute.timer,32,8,Other,,0.005686,,,,10.84
in.chute.timer,32,16,Pair,0.0085346,0.0096099,0.010747,0.9,98.0,36.66
in.chute.timer,32,16,Neigh,0.0027754,0.0028224,0.0029701,0.1,99.6,10.77
in.chute.timer,32,16,Comm,0.0060435,0.0063419,0.0067302,0.3,97.8,24.19
in.chute.timer,32,16,Output,3.865e-05,5.6352e-05,6.9473e-05,0.0,99.7,0.21
in.chute.timer,32,16,Modify,0.0041023,0.0041513,0.0041892,0.0,97.9,15.84
in.chute.timer,32,16,Other,,0.003234,,,,12.33
in.chute.timer,32,32,Pair,0.0031184,0.0044441,0.0054105,1.3,85.0,24.65
in.chute.timer,32,32,Neigh,0.0013541,0.0014271,0.001516,0.1,85.4,7.92
in.chute.timer,32,32,Comm,0.0057927,0.0065145,0.0069919,0.4,82.3,36.13
in.chute.timer,32,32,Output,3.5689e-05,5.2795e-05,7.2796e-05,0.0,94.4,0.29
in.chute.timer,32,32,Modify,0.0020308,0.002146,0.0022497,0.2,84.4,11.90
in.chute.timer,32,32,Other,,0.003445,,,,19.11
in.chute.timer,32,64,Pair,0.0015262,0.0021679,0.0026808,0.8,79.7,12.34
in.chute.timer,32,64,Neigh,0.00068692,0.00072533,0.00077679,0.0,64.5,4.13
in.chute.timer,32,64,Comm,0.0072367,0.0090317,0.010445,0.9,75.5,51.40
in.chute.timer,32,64,Output,3.0924e-05,6.4758e-05,0.00013656,0.0,99.7,0.37
in.chute.timer,32,64,Modify,0.0010828,0.0011467,0.0012568,0.1,79.1,6.53
in.chute.timer,32,64,Other,,0.004436,,,,25.24
in.chute.timer,256,1,Pair,0.1719,0.1719,0.1719,0.0,99.0,49.95
in.chute.timer,256,1,Neigh,0.034361,0.034361,0.034361,0.0,99.2,9.99
in.chute.timer,256,1,Comm,0.017177,0.017177,0.017177,0.0,99.7,4.99
in.chute.timer,256,1,Output,0.00020661,0.00020661,0.00020661,0.0,100.0,0.06
in.chute.timer,256,1,Modify,0.095054,0.095054,0.095054,0.0,99.1,27.62
in.chute.timer,256,1,Other,,0.02542,,,,7.39
in.chute.timer,256,2,Pair,0.089557,0.091412,0.093268,0.6,95.2,47.21
in.chute.timer,256,2,Neigh,0.021212,0.021459,0.021705,0.2,97.7,11.08
in.chute.timer,256,2,Comm,0.01658,0.016675,0.01677,0.1,95.7,8.61
in.chute.timer,256,2,Output,9.2668e-05,0.00025025,0.00040783,0.0,99.9,0.13
in.chute.timer,256,2,Modify,0.044985,0.046821,0.048656,0.8,95.1,24.18
in.chute.timer,256,2,Other,,0.01702,,,,8.79
in.chute.timer,256,4,Pair,0.040214,0.043516,0.046897,1.6,96.7,44.63
in.chute.timer,256,4,Neigh,0.010731,0.010804,0.010978,0.1,98.8,11.08
in.chute.timer,256,4,Comm,0.010727,0.011477,0.01224,0.7,96.4,11.77
in.chute.timer,256,4,Output,6.0178e-05,8.4958e-05,0.00011031,0.0,99.7,0.09
in.chute.timer,256,4,Modify,0.018171,0.01941,0.021283,0.9,94.5,19.91
in.chute.timer,256,4,Other,,0.01222,,,,12.53
in.chute.timer,256,8,Pair,0.020562,0.022812,0.024975,1.2,93.2,43.34
in.chute.timer,256,8,Neigh,0.0054473,0.0055354,0.0056413,0.1,87.1,10.52
in.chute.timer,256,8,Comm,0.0093455,0.0098606,0.01031,0.3,91.4,18.74
in.chute.timer,256,8,Output,4.2677e-05,6.7172e-05,8.5288e-05,0.0,99.5,0.13
in.chute.timer,256,8,Modify,0.0083937,0.0086231,0.0088914,0.2,93.2,16.38
in.chute.timer,256,8,Other,,0.005732,,,,10.89
in.chute.timer,256,16,Pair,0.00861,0.0096118,0.010703,0.9,89.8,36.42
in.chute.timer,256,16,Neigh,0.0027841,0.0028118,0.0028579,0.0,100.0,10.65
in.chute.timer,256,16,Comm,0.0061029,0.0065493,0.0071546,0.4,88.2,24.82
in.chute.timer,256,16,Output,3.7315e-05,5.078e-05,6.4672e-05,0.0,99.4,0.19
in.chute.timer,256,16,Modify,0.0041062,0.0041617,0.004219,0.0,90.3,15.77
in.chute.timer,256,16,Other,,0.003206,,,,12.15
in.chute.timer,256,32,Pair,0.0031037,0.0044474,0.0053936,1.2,86.7,24.83
in.chute.timer,256,32,Neigh,0.0013458,0.0014204,0.0015421,0.2,80.2,7.93
in.chute.timer,256,32,Comm,0.0057313,0.0064468,0.0068741,0.4,85.8,35.99
in.chute.timer,256,32,Output,3.6828e-05,5.5998e-05,7.519e-05,0.0,99.7,0.31
in.chute.timer,256,32,Modify,0.0020495,0.0021646,0.0022796,0.2,86.0,12.08
in.chute.timer,256,32,Other,,0.003376,,,,18.85
in.chute.timer,256,64,Pair,0.0015227,0.0022029,0.0027277,0.8,65.4,12.17
in.chute.timer,256,64,Neigh,0.00068412,0.000725,0.00078117,0.0,46.9,4.01
in.chute.timer,256,64,Comm,0.0071422,0.0092466,0.01056,0.9,61.8,51.08
in.chute.timer,256,64,Output,3.4516e-05,6.4314e-05,0.0001269,0.0,62.3,0.36
in.chute.timer,256,64,Modify,0.0010757,0.0011535,0.0012622,0.1,64.6,6.37
in.chute.timer,256,64,Other,,0.004709,,,,26.02
in.chute.timer,864,1,Pair,0.17234,0.17234,0.17234,0.0,97.7,49.70
in.chute.timer,864,1,Neigh,0.034266,0.034266,0.034266,0.0,96.8,9.88
in.chute.timer,864,1,Comm,0.017922,0.017922,0.017922,0.0,91.2,5.17
in.chute.timer,864,1,Output,0.00022451,0.00022451,0.00022451,0.0,100.0,0.06
in.chute.timer,864,1,Modify,0.096405,0.096405,0.096405,0.0,95.6,27.80
in.chute.timer,864,1,Other,,0.0256,,,,7.38
in.chute.timer,864,2,Pair,0.090277,0.09039,0.090502,0.0,98.7,47.82
in.chute.timer,864,2,Neigh,0.021128,0.021205,0.021281,0.1,99.0,11.22
in.chute.timer,864,2,Comm,0.016083,0.016234,0.016386,0.1,96.7,8.59
in.chute.timer,864,2,Output,9.4474e-05,0.00011359,0.00013271,0.0,100.0,0.06
in.chute.timer,864,2,Modify,0.045308,0.046319,0.04733,0.5,98.3,24.50
in.chute.timer,864,2,Other,,0.01478,,,,7.82
in.chute.timer,864,4,Pair,0.039962,0.043269,0.046538,1.5,95.9,45.46
in.chute.timer,864,4,Neigh,0.010562,0.010661,0.010757,0.1,99.5,11.20
in.chute.timer,864,4,Comm,0.010657,0.011249,0.01183,0.5,94.7,11.82
in.chute.timer,864,4,Output,6.0002e-05,9.0947e-05,0.00012217,0.0,100.0,0.10
in.chute.timer,864,4,Modify,0.018059,0.018797,0.019854,0.5,95.7,19.75
in.chute.timer,864,4,Other,,0.01111,,,,11.67
in.chute.timer,864,8,Pair,0.020654,0.022754,0.025025,1.3,95.2,43.33
in.chute.timer,864,8,Neigh,0.0054352,0.0055023,0.0055888,0.1,100.0,10.48
in.chute.timer,864,8,Comm,0.0093541,0.0097439,0.010074,0.3,94.4,18.55
in.chute.timer,864,8,Output,4.8366e-05,6.8269e-05,8.6475e-05,0.0,99.4,0.13
in.chute.timer,864,8,Modify,0.0084887,0.0086471,0.0091203,0.2,95.8,16.46
in.chute.timer,864,8,Other,,0.005803,,,,11.05
in.chute.timer,864,16,Pair,0.0086465,0.0096348,0.010765,0.9,94.0,36.51
in.chute.timer,864,16,Neigh,0.0027769,0.0028107,0.0028484,0.0,93.7,10.65
in.chute.timer,864,16,Comm,0.0062173,0.0065694,0.0069903,0.3,92.8,24.90
in.chute.timer,864,16,Output,3.5193e-05,5.0467e-05,6.0541e-05,0.0,93.9,0.19
in.chute.timer,864,16,Modify,0.0040991,0.0041633,0.0041936,0.0,93.7,15.78
in.chute.timer,864,16,Other,,0.003157,,,,11.97
in.chute.timer,864,32,Pair,0.0031035,0.0044306,0.0053934,1.3,90.1,24.93
in.chute.timer,864,32,Neigh,0.0013462,0.0014256,0.0015472,0.2,85.8,8.02
in.chute.timer,864,32,Comm,0.0058215,0.0065027,0.0070947,0.4,88.4,36.60
in.chute.timer,864,32,Output,3.3346e-05,4.7717e-05,6.5868e-05,0.0,93.4,0.27
in.chute.timer,864,32,Modify,0.002056,0.0021664,0.0022976,0.2,89.4,12.19
in.chute.timer,864,32,Other,,0.003196,,,,17.99
in.chute.timer,864,64,Pair,0.0015218,0.0021695,0.0026897,0.8,52.7,13.03
in.chute.timer,864,64,Neigh,0.00068561,0.00072565,0.00078057,0.0,57.4,4.36
in.chute.timer,864,64,Comm,0.0068391,0.0083495,0.0095026,0.8,51.8,50.15
in.chute.timer,864,64,Output,3.0356e-05,6.0721e-05,0.00010851,0.0,91.8,0.36
in.chute.timer,864,64,Modify,0.001078,0.0011539,0.0012297,0.1,52.8,6.93
in.chute.timer,864,64,Other,,0.004191,,,,25.17
in.chute.timer,2048,1,Pair,0.17282,0.17282,0.17282,0.0,99.0,49.61
in.chute.timer,2048,1,Neigh,0.034272,0.034272,0.034272,0.0,98.6,9.84
in.chute.timer,2048,1,Comm,0.01776,0.01776,0.01776,0.0,97.7,5.10
in.chute.timer,2048,1,Output,0.00020722,0.00020722,0.00020722,0.0,100.0,0.06
in.chute.timer,2048,1,Modify,0.097093,0.097093,0.097093,0.0,96.8,27.87
in.chute.timer,2048,1,Other,,0.02618,,,,7.52
in.chute.timer,2048,2,Pair,0.089353,0.089752,0.09015,0.1,97.6,47.49
in.chute.timer,2048,2,Neigh,0.020927,0.021041,0.021155,0.1,99.7,11.13
in.chute.timer,2048,2,Comm,0.016384,0.016512,0.01664,0.1,96.7,8.74
in.chute.timer,2048,2,Output,9.3892e-05,0.00011052,0.00012714,0.0,100.0,0.06
in.chute.timer,2048,2,Modify,0.045448,0.046081,0.046715,0.3,96.9,24.38
in.chute.timer,2048,2,Other,,0.01551,,,,8.21
in.chute.timer,2048,4,Pair,0.04001,0.043322,0.04676,1.5,98.0,45.77
in.chute.timer,2048,4,Neigh,0.010716,0.010756,0.010832,0.0,99.3,11.36
in.chute.timer,2048,4,Comm,0.010639,0.011148,0.011653,0.5,98.0,11.78
in.chute.timer,2048,4,Output,5.7056e-05,9.2088e-05,0.00012625,0.0,99.9,0.10
in.chute.timer,2048,4,Modify,0.018132,0.018759,0.019574,0.4,98.1,19.82
in.chute.timer,2048,4,Other,,0.01057,,,,11.17
in.chute.timer,2048,8,Pair,0.020487,0.022633,0.025006,1.3,86.1,43.06
in.chute.timer,2048,8,Neigh,0.0054524,0.0054964,0.0055643,0.0,97.7,10.46
in.chute.timer,2048,8,Comm,0.0097428,0.010069,0.010374,0.3,85.3,19.16
in.chute.timer,2048,8,Output,4.2338e-05,7.5805e-05,0.00010033,0.0,20.9,0.14
in.chute.timer,2048,8,Modify,0.0084692,0.0086094,0.0088376,0.1,87.6,16.38
in.chute.timer,2048,8,Other,,0.005678,,,,10.80
in.chute.timer,2048,16,Pair,0.0086493,0.009635,0.010716,0.8,97.8,36.47
in.chute.timer,2048,16,Neigh,0.0027711,0.0028143,0.0028619,0.1,96.9,10.65
in.chute.timer,2048,16,Comm,0.006198,0.0065616,0.0070196,0.3,96.2,24.83
in.chute.timer,2048,16,Output,3.5729e-05,4.8404e-05,5.8832e-05,0.0,99.4,0.18
in.chute.timer,2048,16,Modify,0.004109,0.0041764,0.0042478,0.1,97.5,15.81
in.chute.timer,2048,16,Other,,0.003186,,,,12.06
in.chute.timer,2048,32,Pair,0.0030711,0.0043814,0.0054309,1.3,94.7,28.48
in.chute.timer,2048,32,Neigh,0.0010771,0.0014074,0.0014959,0.2,100.0,9.15
in.chute.timer,2048,32,Comm,0.0041066,0.0046053,0.004961,0.3,94.4,29.93
in.chute.timer,2048,32,Output,2.231e-05,3.3936e-05,4.9899e-05,0.0,93.0,0.22
in.chute.timer,2048,32,Modify,0.0016021,0.0021175,0.0022487,0.3,94.8,13.76
in.chute.timer,2048,32,Other,,0.002841,,,,18.46
in.chute.timer,2048,64,Pair,0.0015166,0.0021599,0.0027295,0.8,62.1,13.31
in.chute.timer,2048,64,Neigh,0.00068829,0.00072515,0.00077765,0.0,43.4,4.47
in.chute.timer,2048,64,Comm,0.006472,0.0080774,0.0094134,0.8,59.6,49.79
in.chute.timer,2048,64,Output,3.1181e-05,6.3918e-05,0.00011291,0.0,58.1,0.39
in.chute.timer,2048,64,Modify,0.0010763,0.0011456,0.0012653,0.1,60.0,7.06
in.chute.timer,2048,64,Other,,0.004052,,,,24.98
in.eam.timer,32,1,Pair,1.3728,1.3728,1.3728,0.0,99.0,83.78
in.eam.timer,32,1,Neigh,0.1239,0.1239,0.1239,0.0,99.0,7.56
in.eam.timer,32,1,Comm,0.055417,0.055417,0.055417,0.0,98.8,3.38
in.eam.timer,32,1,Output,0.00028491,0.00028491,0.00028491,0.0,100.0,0.02
in.eam.timer,32,1,Modify,0.061687,0.061687,0.061687,0.0,97.8,3.76
in.eam.timer,32,1,Other,,0.02453,,,,1.50
in.eam.timer,32,2,Pair,0.71185,0.71284,0.71382,0.1,98.4,82.71
in.eam.timer,32,2,Neigh,0.063484,0.064425,0.065367,0.4,98.9,7.48
in.eam.timer,32,2,Comm,0.042403,0.044195,0.045987,0.9,97.7,5.13
in.eam.timer,32,2,Output,0.00016901,0.00018444,0.00019987,0.0,100.0,0.02
in.eam.timer,32,2,Modify,0.027059,0.027109,0.02716,0.0,98.1,3.15
in.eam.timer,32,2,Other,,0.01313,,,,1.52
in.eam.timer,32,4,Pair,0.35389,0.35517,0.35724,0.2,99.0,81.44
in.eam.timer,32,4,Neigh,0.031922,0.03256,0.033062,0.2,99.0,7.47
in.eam.timer,32,4,Comm,0.028704,0.032105,0.035004,1.4,97.6,7.36
in.eam.timer,32,4,Output,0.00010453,0.0001191,0.00013141,0.0,100.0,0.03
in.eam.timer,32,4,Modify,0.0094851,0.010683,0.011857,1.1,99.5,2.45
in.eam.timer,32,4,Other,,0.005485,,,,1.26
in.eam.timer,32,8,Pair,0.18025,0.18143,0.18269,0.2,97.1,79.08
in.eam.timer,32,8,Neigh,0.016026,0.016356,0.016832,0.2,96.9,7.13
in.eam.timer,32,8,Comm,0.021849,0.023743,0.025264,0.7,95.1,10.35
in.eam.timer,32,8,Output,8.3223e-05,9.376e-05,0.00010614,0.0,100.0,0.04
in.eam.timer,32,8,Modify,0.0044455,0.0049037,0.0056302,0.6,98.8,2.14
in.eam.timer,32,8,Other,,0.002909,,,,1.27
in.eam.timer,32,16,Pair,0.10293,0.104,0.10687,0.3,94.3,75.27
in.eam.timer,32,16,Neigh,0.008321,0.0086604,0.0091937,0.3,95.2,6.27
in.eam.timer,32,16,Comm,0.017973,0.020763,0.021891,0.8,90.8,15.03
in.eam.timer,32,16,Output,0.00010149,0.00010848,0.00012548,0.0,100.0,0.08
in.eam.timer,32,16,Modify,0.0022508,0.0023956,0.0026067,0.2,95.8,1.73
in.eam.timer,32,16,Other,,0.002233,,,,1.62
in.eam.timer,32,32,Pair,0.057056,0.058529,0.061556,0.4,93.6,68.42
in.eam.timer,32,32,Neigh,0.0045134,0.0047973,0.0053455,0.3,95.9,5.61
in.eam.timer,32,32,Comm,0.015721,0.018723,0.020703,0.9,90.7,21.89
in.eam.timer,32,32,Output,9.5699e-05,0.00010407,0.00012492,0.0,99.7,0.12
in.eam.timer,32,32,Modify,0.0010382,0.0010719,0.0012185,0.1,93.3,1.25
in.eam.timer,32,32,Other,,0.002312,,,,2.70
in.eam.timer,32,64,Pair,0.033219,0.034064,0.037417,0.4,91.9,64.03
in.eam.timer,32,64,Neigh,0.0024005,0.0026851,0.0036438,0.4,97.5,5.05
in.eam.timer,32,64,Comm,0.010372,0.013917,0.015514,0.8,90.9,26.16
in.eam.timer,32,64,Output,6.2168e-05,0.00012468,0.00017862,0.0,93.5,0.23
in.eam.timer,32,64,Modify,0.0006299,0.0006737,0.00085896,0.0,92.7,1.27
in.eam.timer,32,64,Other,,0.001735,,,,3.26
in.eam.timer,256,1,Pair,9.0349,9.0349,9.0349,0.0,99.2,84.44
in.eam.timer,256,1,Neigh,0.89093,0.89093,0.89093,0.0,99.3,8.33
in.eam.timer,256,1,Comm,0.31212,0.31212,0.31212,0.0,98.8,2.92
in.eam.timer,256,1,Output,0.0013106,0.0013106,0.0013106,0.0,100.0,0.01
in.eam.timer,256,1,Modify,0.33604,0.33604,0.33604,0.0,99.0,3.14
in.eam.timer,256,1,Other,,0.1246,,,,1.16
in.eam.timer,256,2,Pair,4.925,4.9655,5.006,1.8,97.3,82.96
in.eam.timer,256,2,Neigh,0.48554,0.48978,0.49401,0.6,97.9,8.18
in.eam.timer,256,2,Comm,0.23477,0.28186,0.32896,8.9,95.7,4.71
in.eam.timer,256,2,Output,0.00064106,0.00066046,0.00067987,0.0,100.0,0.01
in.eam.timer,256,2,Modify,0.17065,0.17304,0.17543,0.6,94.6,2.89
in.eam.timer,256,2,Other,,0.0746,,,,1.25
in.eam.timer,256,4,Pair,2.6152,2.6716,2.7449,3.2,98.0,79.90
in.eam.timer,256,4,Neigh,0.25608,0.26648,0.27718,1.9,98.8,7.97
in.eam.timer,256,4,Comm,0.16407,0.25709,0.33071,13.6,88.3,7.69
in.eam.timer,256,4,Output,0.00060659,0.0013274,0.0016149,1.1,100.0,0.04
in.eam.timer,256,4,Modify,0.092253,0.10092,0.10959,2.5,96.3,3.02
in.eam.timer,256,4,Other,,0.04626,,,,1.38
in.eam.timer,256,8,Pair,1.4021,1.4086,1.4231,0.5,99.3,79.22
in.eam.timer,256,8,Neigh,0.14268,0.14441,0.14783,0.4,99.5,8.12
in.eam.timer,256,8,Comm,0.11187,0.13365,0.14482,2.7,98.7,7.52
in.eam.timer,256,8,Output,0.00038191,0.00043186,0.00045886,0.0,100.0,0.02
in.eam.timer,256,8,Modify,0.05666,0.061914,0.068498,1.6,99.1,3.48
in.eam.timer,256,8,Other,,0.02898,,,,1.63
in.eam.timer,256,16,Pair,0.71352,0.71965,0.7261,0.4,98.4,78.67
in.eam.timer,256,16,Neigh,0.073108,0.074019,0.075889,0.3,98.8,8.09
in.eam.timer,256,16,Comm,0.066642,0.07564,0.083508,1.5,95.6,8.27
in.eam.timer,256,16,Output,0.0002571,0.0003202,0.00044338,0.0,100.0,0.04
in.eam.timer,256,16,Modify,0.026418,0.028615,0.031773,0.9,98.1,3.13
in.eam.timer,256,16,Other,,0.0165,,,,1.80
in.eam.timer,256,32,Pair,0.36647,0.37002,0.37348,0.3,97.6,76.74
in.eam.timer,256,32,Neigh,0.037644,0.038178,0.038863,0.2,98.5,7.92
in.eam.timer,256,32,Comm,0.043569,0.048129,0.053103,1.2,94.8,9.98
in.eam.timer,256,32,Output,0.00020441,0.00025071,0.00034181,0.0,100.0,0.05
in.eam.timer,256,32,Modify,0.014295,0.016167,0.018382,0.8,97.3,3.35
in.eam.timer,256,32,Other,,0.009443,,,,1.96
in.eam.timer,256,64,Pair,0.18966,0.19268,0.19654,0.3,94.4,72.68
in.eam.timer,256,64,Neigh,0.019501,0.02008,0.021172,0.2,91.6,7.57
in.eam.timer,256,64,Comm,0.033537,0.037803,0.042776,0.9,90.7,14.26
in.eam.timer,256,64,Output,0.00018378,0.00021376,0.00028359,0.0,100.0,0.08
in.eam.timer,256,64,Modify,0.0071662,0.0090082,0.011101,0.9,95.1,3.40
in.eam.timer,256,64,Other,,0.00532,,,,2.01
in.eam.timer,864,1,Pair,29.425,29.425,29.425,0.0,99.3,84.31
in.eam.timer,864,1,Neigh,2.9099,2.9099,2.9099,0.0,99.2,8.34
in.eam.timer,864,1,Comm,1.125,1.125,1.125,0.0,99.1,3.22
in.eam.timer,864,1,Output,0.0048123,0.0048123,0.0048123,0.0,100.0,0.01
in.eam.timer,864,1,Modify,1.0598,1.0598,1.0598,0.0,99.3,3.04
in.eam.timer,864,1,Other,,0.3772,,,,1.08
in.eam.timer,864,2,Pair,15.32,15.324,15.328,0.1,99.2,84.23
in.eam.timer,864,2,Neigh,1.4727,1.4736,1.4745,0.1,99.2,8.10
in.eam.timer,864,2,Comm,0.677,0.68096,0.68492,0.5,94.1,3.74
in.eam.timer,864,2,Output,0.002277,0.0022866,0.0022963,0.0,100.0,0.01
in.eam.timer,864,2,Modify,0.51923,0.52077,0.52231,0.2,98.5,2.86
in.eam.timer,864,2,Other,,0.1912,,,,1.05
in.eam.timer,864,4,Pair,7.7273,7.7693,7.8037,1.0,99.2,83.05
in.eam.timer,864,4,Neigh,0.7495,0.75936,0.77224,1.1,99.4,8.12
in.eam.timer,864,4,Comm,0.38204,0.43942,0.50172,7.1,94.9,4.70
in.eam.timer,864,4,Output,0.0011978,0.0012437,0.0012796,0.1,100.0,0.01
in.eam.timer,864,4,Modify,0.26686,0.27852,0.29012,2.1,97.6,2.98
in.eam.timer,864,4,Other,,0.107,,,,1.14
in.eam.timer,864,8,Pair,4.2009,4.2443,4.4095,3.3,98.3,79.55
in.eam.timer,864,8,Neigh,0.39318,0.40556,0.44045,2.3,99.3,7.60
in.eam.timer,864,8,Comm,0.24625,0.45537,0.51318,13.1,86.9,8.53
in.eam.timer,864,8,Output,0.00066522,0.00070042,0.00072962,0.0,100.0,0.01
in.eam.timer,864,8,Modify,0.15375,0.16245,0.1742,1.7,95.5,3.04
in.eam.timer,864,8,Other,,0.0673,,,,1.26
in.eam.timer,864,16,Pair,2.0993,2.2898,2.3723,3.6,98.8,80.53
in.eam.timer,864,16,Neigh,0.18764,0.22575,0.23699,2.3,99.8,7.94
in.eam.timer,864,16,Comm,0.12267,0.21807,0.45346,14.3,90.9,7.67
in.eam.timer,864,16,Output,0.00044051,0.00053604,0.0007851,0.0,100.0,0.02
in.eam.timer,864,16,Modify,0.071373,0.075858,0.079402,0.8,96.7,2.67
in.eam.timer,864,16,Other,,0.03343,,,,1.18
in.eam.timer,864,32,Pair,1.2032,1.2111,1.2271,0.4,99.1,80.03
in.eam.timer,864,32,Neigh,0.12245,0.12339,0.12904,0.3,99.6,8.15
in.eam.timer,864,32,Comm,0.084807,0.096495,0.10999,1.9,95.9,6.38
in.eam.timer,864,32,Output,0.0003224,0.00041764,0.00074425,0.0,100.0,0.03
in.eam.timer,864,32,Modify,0.052043,0.055922,0.059912,0.8,96.9,3.70
in.eam.timer,864,32,Other,,0.02596,,,,1.72
in.eam.timer,864,64,Pair,0.62893,0.63466,0.64334,0.4,98.6,77.10
in.eam.timer,864,64,Neigh,0.063526,0.064457,0.06711,0.3,98.9,7.83
in.eam.timer,864,64,Comm,0.057464,0.069121,0.078371,1.6,97.5,8.40
in.eam.timer,864,64,Output,0.00022884,0.00038048,0.00062058,0.0,100.0,0.05
in.eam.timer,864,64,Modify,0.030746,0.035351,0.039672,1.0,98.2,4.29
in.eam.timer,864,64,Other,,0.0192,,,,2.33
in.eam.timer,2048,4,Pair,17.84,18.025,18.256,3.5,98.8,82.36
in.eam.timer,2048,4,Neigh,1.6555,1.6906,1.7346,2.7,99.0,7.72
in.eam.timer,2048,4,Comm,0.95379,1.2493,1.4852,17.6,90.1,5.71
in.eam.timer,2048,4,Output,0.0028658,0.0028762,0.0028894,0.0,100.0,0.01
in.eam.timer,2048,4,Modify,0.64357,0.66663,0.68925,2.5,97.8,3.05
in.eam.timer,2048,4,Other,,0.2516,,,,1.15
in.eam.timer,2048,8,Pair,9.1019,9.1502,9.2598,1.7,99.4,81.26
in.eam.timer,2048,8,Neigh,0.85075,0.86083,0.8827,1.3,99.8,7.65
in.eam.timer,2048,8,Comm,0.57902,0.7276,0.79246,8.1,92.5,6.46
in.eam.timer,2048,8,Output,0.0017368,0.0018605,0.0019223,0.1,100.0,0.02
in.eam.timer,2048,8,Modify,0.35757,0.37081,0.38952,1.7,96.7,3.29
in.eam.timer,2048,8,Other,,0.1486,,,,1.32
in.eam.timer,2048,16,Pair,4.8557,4.8934,4.9825,1.5,99.0,79.52
in.eam.timer,2048,16,Neigh,0.45855,0.46487,0.48406,1.1,99.8,7.55
in.eam.timer,2048,16,Comm,0.37555,0.47789,0.52221,6.0,91.5,7.77
in.eam.timer,2048,16,Output,0.0011909,0.0015675,0.0026448,1.5,100.0,0.03
in.eam.timer,2048,16,Modify,0.21212,0.22149,0.23348,1.2,97.4,3.60
in.eam.timer,2048,16,Other,,0.09433,,,,1.53
in.eam.timer,2048,32,Pair,2.7324,2.7597,2.8823,1.8,98.7,76.94
in.eam.timer,2048,32,Neigh,0.25797,0.26328,0.2853,1.1,99.7,7.34
in.eam.timer,2048,32,Comm,0.21563,0.33898,0.37793,5.7,88.2,9.45
in.eam.timer,2048,32,Output,0.00069876,0.0022204,0.0044962,3.5,96.5,0.06
in.eam.timer,2048,32,Modify,0.13518,0.14925,0.15892,1.5,96.8,4.16
in.eam.timer,2048,32,Other,,0.07321,,,,2.04
in.eam.timer,2048,64,Pair,1.4812,1.5075,1.5478,1.4,99.3,76.08
in.eam.timer,2048,64,Neigh,0.14769,0.14977,0.15574,0.5,99.5,7.56
in.eam.timer,2048,64,Comm,0.13419,0.16724,0.20111,4.7,94.0,8.44
in.eam.timer,2048,64,Output,0.0005526,0.00067889,0.0011491,0.0,100.0,0.03
in.eam.timer,2048,64,Modify,0.096908,0.1098,0.12164,1.8,97.3,5.54
in.eam.timer,2048,64,Other,,0.04661,,,,2.35
in.lj.timer,32,1,Pair,0.55429,0.55429,0.55429,0.0,99.0,78.00
in.lj.timer,32,1,Neigh,0.049035,0.049035,0.049035,0.0,98.9,6.90
in.lj.timer,32,1,Comm,0.033103,0.033103,0.033103,0.0,98.3,4.66
in.lj.timer,32,1,Output,0.00014276,0.00014276,0.00014276,0.0,100.0,0.02
in.lj.timer,32,1,Modify,0.060823,0.060823,0.060823,0.0,99.6,8.56
in.lj.timer,32,1,Other,,0.01328,,,,1.87
in.lj.timer,32,2,Pair,0.27787,0.27863,0.2794,0.1,98.3,74.51
in.lj.timer,32,2,Neigh,0.024939,0.025078,0.025216,0.1,98.7,6.71
in.lj.timer,32,2,Comm,0.035732,0.036805,0.037878,0.6,96.4,9.84
in.lj.timer,32,2,Output,8.5129e-05,9.385e-05,0.00010257,0.0,100.0,0.03
in.lj.timer,32,2,Modify,0.026862,0.026939,0.027015,0.0,97.9,7.20
in.lj.timer,32,2,Other,,0.006422,,,,1.72
in.lj.timer,32,4,Pair,0.13669,0.13955,0.14275,0.6,98.1,70.36
in.lj.timer,32,4,Neigh,0.012865,0.013131,0.013404,0.2,98.9,6.62
in.lj.timer,32,4,Comm,0.027396,0.03244,0.036848,2.2,98.7,16.36
in.lj.timer,32,4,Output,5.3269e-05,5.987e-05,6.8033e-05,0.0,100.0,0.03
in.lj.timer,32,4,Modify,0.0095083,0.010659,0.011979,1.1,99.2,5.37
in.lj.timer,32,4,Other,,0.002499,,,,1.26
in.lj.timer,32,8,Pair,0.065681,0.068346,0.071795,1.0,97.8,64.93
in.lj.timer,32,8,Neigh,0.0065385,0.0066264,0.0067708,0.1,100.0,6.30
in.lj.timer,32,8,Comm,0.02078,0.024573,0.0276,1.7,94.2,23.34
in.lj.timer,32,8,Output,4.679e-05,6.0471e-05,6.3327e-05,0.0,100.0,0.06
in.lj.timer,32,8,Modify,0.0043951,0.004716,0.0054155,0.5,98.6,4.48
in.lj.timer,32,8,Other,,0.00094,,,,0.89
in.lj.timer,32,16,Pair,0.032732,0.035352,0.038593,1.1,89.6,54.07
in.lj.timer,32,16,Neigh,0.003473,0.0036084,0.0037606,0.2,95.8,5.52
in.lj.timer,32,16,Comm,0.020199,0.023664,0.026289,1.4,89.2,36.19
in.lj.timer,32,16,Output,5.3613e-05,6.4204e-05,6.8796e-05,0.0,99.9,0.10
in.lj.timer,32,16,Modify,0.0018872,0.0020645,0.0022966,0.3,90.0,3.16
in.lj.timer,32,16,Other,,0.0006328,,,,0.97
in.lj.timer,32,32,Pair,0.016532,0.01868,0.023098,1.4,92.1,40.28
in.lj.timer,32,32,Neigh,0.0018597,0.0020517,0.0024197,0.3,95.9,4.42
in.lj.timer,32,32,Comm,0.018924,0.024084,0.026336,1.4,89.0,51.93
in.lj.timer,32,32,Output,4.7468e-05,6.1403e-05,0.00013705,0.0,96.5,0.13
in.lj.timer,32,32,Modify,0.0010026,0.0011142,0.0014193,0.4,91.8,2.40
in.lj.timer,32,32,Other,,0.000387,,,,0.83
in.lj.timer,32,64,Pair,0.0084697,0.0099594,0.014345,1.8,84.3,32.92
in.lj.timer,32,64,Neigh,0.0010133,0.0012915,0.0020729,0.6,83.8,4.27
in.lj.timer,32,64,Comm,0.012666,0.01794,0.019652,1.7,80.0,59.29
in.lj.timer,32,64,Output,3.4918e-05,4.4784e-05,6.1998e-05,0.0,93.3,0.15
in.lj.timer,32,64,Modify,0.00062365,0.00073417,0.0010616,0.0,84.4,2.43
in.lj.timer,32,64,Other,,0.0002873,,,,0.95
in.lj.timer,256,1,Pair,3.8609,3.8609,3.8609,0.0,99.1,80.02
in.lj.timer,256,1,Neigh,0.32066,0.32066,0.32066,0.0,99.1,6.65
in.lj.timer,256,1,Comm,0.20178,0.20178,0.20178,0.0,99.1,4.18
in.lj.timer,256,1,Output,0.0019512,0.0019512,0.0019512,0.0,100.0,0.04
in.lj.timer,256,1,Modify,0.37532,0.37532,0.37532,0.0,99.1,7.78
in.lj.timer,256,1,Other,,0.06443,,,,1.34
in.lj.timer,256,2,Pair,2.2157,2.2579,2.3,2.8,97.4,75.86
in.lj.timer,256,2,Neigh,0.1798,0.18627,0.19274,1.5,97.5,6.26
in.lj.timer,256,2,Comm,0.1856,0.23948,0.29335,11.0,93.3,8.05
in.lj.timer,256,2,Output,0.00031907,0.00037055,0.00042203,0.0,100.0,0.01
in.lj.timer,256,2,Modify,0.2419,0.24581,0.24971,0.8,94.9,8.26
in.lj.timer,256,2,Other,,0.04645,,,,1.56
in.lj.timer,256,4,Pair,1.0913,1.1166,1.1494,2.2,98.0,72.74
in.lj.timer,256,4,Neigh,0.09457,0.097338,0.10175,0.9,98.8,6.34
in.lj.timer,256,4,Comm,0.12559,0.18426,0.23109,10.2,93.5,12.00
in.lj.timer,256,4,Output,0.00034707,0.00038413,0.00041081,0.0,100.0,0.03
in.lj.timer,256,4,Modify,0.09723,0.11362,0.13253,4.7,95.0,7.40
in.lj.timer,256,4,Other,,0.02292,,,,1.49
in.lj.timer,256,8,Pair,0.53976,0.55048,0.58194,1.9,97.2,69.64
in.lj.timer,256,8,Neigh,0.048128,0.048801,0.051002,0.4,98.9,6.17
in.lj.timer,256,8,Comm,0.080135,0.12507,0.1442,5.9,93.2,15.82
in.lj.timer,256,8,Output,0.00020721,0.00024671,0.00028063,0.0,100.0,0.03
in.lj.timer,256,8,Modify,0.047092,0.053921,0.063794,2.5,95.8,6.82
in.lj.timer,256,8,Other,,0.01194,,,,1.51
in.lj.timer,256,16,Pair,0.21279,0.26018,0.26637,2.4,98.7,74.86
in.lj.timer,256,16,Neigh,0.019406,0.024274,0.025525,0.8,99.9,6.98
in.lj.timer,256,16,Comm,0.035962,0.044742,0.099034,6.8,97.3,12.87
in.lj.timer,256,16,Output,9.4636e-05,0.00012249,0.00019763,0.0,100.0,0.04
in.lj.timer,256,16,Modify,0.012598,0.014166,0.015968,0.8,97.3,4.08
in.lj.timer,256,16,Other,,0.004077,,,,1.17
in.lj.timer,256,32,Pair,0.13682,0.1395,0.14265,0.4,96.9,66.50
in.lj.timer,256,32,Neigh,0.012918,0.013154,0.013763,0.2,97.8,6.27
in.lj.timer,256,32,Comm,0.037197,0.041611,0.046143,1.2,95.1,19.84
in.lj.timer,256,32,Output,0.00010619,0.0001268,0.00018033,0.0,100.0,0.06
in.lj.timer,256,32,Modify,0.010792,0.012677,0.014615,1.0,97.5,6.04
in.lj.timer,256,32,Other,,0.0027,,,,1.29
in.lj.timer,256,64,Pair,0.066315,0.068799,0.076227,1.0,95.1,59.01
in.lj.timer,256,64,Neigh,0.0066026,0.0068203,0.0073258,0.2,97.9,5.85
in.lj.timer,256,64,Comm,0.025362,0.033555,0.036917,1.5,90.7,28.78
in.lj.timer,256,64,Output,8.3502e-05,9.6902e-05,0.00013492,0.0,100.0,0.08
in.lj.timer,256,64,Modify,0.0050783,0.00632,0.0081003,0.8,96.1,5.42
in.lj.timer,256,64,Other,,0.0009965,,,,0.85
in.lj.timer,864,1,Pair,12.062,12.062,12.062,0.0,99.2,80.71
in.lj.timer,864,1,Neigh,0.99201,0.99201,0.99201,0.0,99.3,6.64
in.lj.timer,864,1,Comm,0.58874,0.58874,0.58874,0.0,99.0,3.94
in.lj.timer,864,1,Output,0.0040826,0.0040826,0.0040826,0.0,100.0,0.03
in.lj.timer,864,1,Modify,1.12,1.12,1.12,0.0,99.1,7.49
in.lj.timer,864,1,Other,,0.1783,,,,1.19
in.lj.timer,864,2,Pair,6.1819,6.2055,6.2291,0.9,99.1,79.60
in.lj.timer,864,2,Neigh,0.51199,0.51287,0.51375,0.1,99.2,6.58
in.lj.timer,864,2,Comm,0.38716,0.41066,0.43416,3.7,96.7,5.27
in.lj.timer,864,2,Output,0.0010881,0.0011132,0.0011383,0.1,100.0,0.01
in.lj.timer,864,2,Modify,0.57464,0.57472,0.5748,0.0,98.4,7.37
in.lj.timer,864,2,Other,,0.0911,,,,1.17
in.lj.timer,864,4,Pair,3.2546,3.3165,3.4173,3.4,99.4,75.92
in.lj.timer,864,4,Neigh,0.27125,0.27629,0.2815,0.9,99.5,6.32
in.lj.timer,864,4,Comm,0.26064,0.39008,0.48205,13.7,92.2,8.93
in.lj.timer,864,4,Output,0.00059129,0.000602,0.00062223,0.0,100.0,0.01
in.lj.timer,864,4,Modify,0.30738,0.3291,0.34978,3.2,98.0,7.53
in.lj.timer,864,4,Other,,0.05594,,,,1.28
in.lj.timer,864,8,Pair,1.8334,1.8808,1.9587,3.0,99.5,72.70
in.lj.timer,864,8,Neigh,0.14366,0.15163,0.15968,1.4,99.7,5.86
in.lj.timer,864,8,Comm,0.20331,0.31166,0.36971,10.3,89.6,12.05
in.lj.timer,864,8,Output,0.00033303,0.00036364,0.00039182,0.0,100.0,0.01
in.lj.timer,864,8,Modify,0.1907,0.20639,0.22696,2.8,95.5,7.98
in.lj.timer,864,8,Other,,0.03614,,,,1.40
in.lj.timer,864,16,Pair,0.94828,0.95459,0.96136,0.4,99.4,75.43
in.lj.timer,864,16,Neigh,0.079163,0.080549,0.084469,0.5,99.8,6.36
in.lj.timer,864,16,Comm,0.10634,0.12142,0.13253,2.2,97.3,9.59
in.lj.timer,864,16,Output,0.00026605,0.0003956,0.00070868,0.0,100.0,0.03
in.lj.timer,864,16,Modify,0.086696,0.091144,0.096156,0.9,98.5,7.20
in.lj.timer,864,16,Other,,0.01748,,,,1.38
in.lj.timer,864,32,Pair,0.48318,0.48746,0.49325,0.4,99.3,73.04
in.lj.timer,864,32,Neigh,0.041098,0.041711,0.042699,0.2,99.5,6.25
in.lj.timer,864,32,Comm,0.064914,0.075255,0.082873,1.5,97.6,11.28
in.lj.timer,864,32,Output,0.00014565,0.00017316,0.00023288,0.0,100.0,0.03
in.lj.timer,864,32,Modify,0.047592,0.050797,0.054154,0.7,98.8,7.61
in.lj.timer,864,32,Other,,0.01196,,,,1.79
in.lj.timer,864,64,Pair,0.24006,0.24494,0.25369,0.4,97.7,67.08
in.lj.timer,864,64,Neigh,0.021027,0.021527,0.022675,0.2,99.8,5.90
in.lj.timer,864,64,Comm,0.051452,0.06025,0.071202,1.2,96.7,16.50
in.lj.timer,864,64,Output,0.0001172,0.00014052,0.00022436,0.0,100.0,0.04
in.lj.timer,864,64,Modify,0.025407,0.030931,0.032956,0.7,97.1,8.47
in.lj.timer,864,64,Other,,0.007349,,,,2.01
in.lj.timer,2048,4,Pair,7.2509,7.3449,7.4485,2.8,99.5,77.81
in.lj.timer,2048,4,Neigh,0.56808,0.57839,0.60245,1.8,99.6,6.13
in.lj.timer,2048,4,Comm,0.52067,0.6683,0.79405,13.2,94.3,7.08
in.lj.timer,2048,4,Output,0.0014533,0.0014605,0.0014754,0.0,100.0,0.02
in.lj.timer,2048,4,Modify,0.70012,0.72151,0.74367,2.5,98.8,7.64
in.lj.timer,2048,4,Other,,0.1252,,,,1.33
in.lj.timer,2048,8,Pair,3.8551,3.9134,4.0275,3.2,99.7,74.47
in.lj.timer,2048,8,Neigh,0.30118,0.30803,0.3215,1.3,99.8,5.86
in.lj.timer,2048,8,Comm,0.3801,0.5352,0.60742,11.1,90.7,10.18
in.lj.timer,2048,8,Output,0.00079694,0.00083345,0.00090852,0.0,100.0,0.02
in.lj.timer,2048,8,Modify,0.39941,0.41757,0.44082,2.2,97.8,7.95
in.lj.timer,2048,8,Other,,0.07987,,,,1.52
in.lj.timer,2048,16,Pair,2.1203,2.1606,2.2634,2.8,99.7,72.76
in.lj.timer,2048,16,Neigh,0.16849,0.17186,0.18618,1.2,99.8,5.79
in.lj.timer,2048,16,Comm,0.25355,0.36096,0.41281,7.9,91.6,12.16
in.lj.timer,2048,16,Output,0.00051086,0.0034691,0.011963,8.3,97.9,0.12
in.lj.timer,2048,16,Modify,0.21081,0.2246,0.23545,1.4,98.7,7.56
in.lj.timer,2048,16,Other,,0.04812,,,,1.62
in.lj.timer,2048,32,Pair,1.1726,1.1882,1.2224,0.8,99.5,71.63
in.lj.timer,2048,32,Neigh,0.094678,0.095702,0.098368,0.3,99.8,5.77
in.lj.timer,2048,32,Comm,0.14079,0.18764,0.20698,2.8,95.5,11.31
in.lj.timer,2048,32,Output,0.0003685,0.00054153,0.00077465,0.0,100.0,0.03
in.lj.timer,2048,32,Modify,0.13969,0.15324,0.16149,1.3,97.7,9.24
in.lj.timer,2048,32,Other,,0.03352,,,,2.02
in.lj.timer,2048,64,Pair,0.62352,0.64491,0.69358,1.5,98.3,65.67
in.lj.timer,2048,64,Neigh,0.048984,0.049655,0.051758,0.3,99.5,5.06
in.lj.timer,2048,64,Comm,0.11102,0.16449,0.20089,3.3,92.7,16.75
in.lj.timer,2048,64,Output,0.0002655,0.00050232,0.00085462,0.0,100.0,0.05
in.lj.timer,2048,64,Modify,0.088595,0.10364,0.11401,1.7,96.2,10.55
in.lj.timer,2048,64,Other,,0.01891,,,,1.93
in.rhodo.timer,32,1,Pair,25.955,25.955,25.955,0.0,100.0,69.39
in.rhodo.timer,32,1,Bond,1.5454,1.5454,1.5454,0.0,100.0,4.13
in.rhodo.timer,32,1,Kspace,3.6934,3.6934,3.6934,0.0,100.0,9.87
in.rhodo.timer,32,1,Neigh,3.1595,3.1595,3.1595,0.0,100.0,8.45
in.rhodo.timer,32,1,Comm,0.72121,0.72121,0.72121,0.0,100.0,1.93
in.rhodo.timer,32,1,Output,0.0011111,0.0011111,0.0011111,0.0,100.0,0.00
in.rhodo.timer,32,1,Modify,2.2287,2.2287,2.2287,0.0,100.0,5.96
in.rhodo.timer,32,1,Other,,0.1026,,,,0.27
in.rhodo.timer,32,2,Pair,12.943,12.987,13.031,1.2,100.0,68.40
in.rhodo.timer,32,2,Bond,0.73636,0.76422,0.79207,3.2,100.0,4.02
in.rhodo.timer,32,2,Kspace,1.8707,1.9433,2.0159,5.2,99.2,10.23
in.rhodo.timer,32,2,Neigh,1.5868,1.5873,1.5879,0.0,99.7,8.36
in.rhodo.timer,32,2,Comm,0.42585,0.42744,0.42904,0.2,99.8,2.25
in.rhodo.timer,32,2,Output,0.00064926,0.00076133,0.00087339,0.0,100.0,0.00
in.rhodo.timer,32,2,Modify,1.215,1.2187,1.2224,0.3,99.6,6.42
in.rhodo.timer,32,2,Other,,0.05791,,,,0.30
in.rhodo.timer,32,4,Pair,6.4775,6.5614,6.6781,3.2,99.9,66.14
in.rhodo.timer,32,4,Bond,0.36732,0.38248,0.40729,2.6,99.9,3.86
in.rhodo.timer,32,4,Kspace,1.0734,1.1917,1.2758,7.2,98.3,12.01
in.rhodo.timer,32,4,Neigh,0.78837,0.78862,0.78904,0.0,99.9,7.95
in.rhodo.timer,32,4,Comm,0.29156,0.2982,0.30526,1.2,98.5,3.01
in.rhodo.timer,32,4,Output,0.00055483,0.00061392,0.00078674,0.0,100.0,0.01
in.rhodo.timer,32,4,Modify,0.64254,0.66054,0.67581,1.9,98.2,6.66
in.rhodo.timer,32,4,Other,,0.0364,,,,0.37
in.rhodo.timer,32,8,Pair,3.1906,3.2564,3.3361,2.7,99.2,62.40
in.rhodo.timer,32,8,Bond,0.18179,0.1929,0.20916,2.0,99.9,3.70
in.rhodo.timer,32,8,Kspace,0.68458,0.77101,0.84213,5.6,97.8,14.77
in.rhodo.timer,32,8,Neigh,0.40672,0.40698,0.40747,0.0,99.2,7.80
in.rhodo.timer,32,8,Comm,0.19525,0.20017,0.21219,1.5,96.4,3.84
in.rhodo.timer,32,8,Output,0.00045598,0.00048699,0.00069003,0.0,100.0,0.01
in.rhodo.timer,32,8,Modify,0.34387,0.3696,0.37861,2.3,97.6,7.08
in.rhodo.timer,32,8,Other,,0.02133,,,,0.41
in.rhodo.timer,32,16,Pair,1.5824,1.6486,1.7142,2.4,98.9,57.65
in.rhodo.timer,32,16,Bond,0.08566,0.099241,0.11319,2.3,99.7,3.47
in.rhodo.timer,32,16,Kspace,0.41826,0.48949,0.54207,4.4,98.6,17.12
in.rhodo.timer,32,16,Neigh,0.21476,0.2153,0.21575,0.1,96.5,7.53
in.rhodo.timer,32,16,Comm,0.13819,0.14206,0.15515,1.3,97.0,4.97
in.rhodo.timer,32,16,Output,0.00047347,0.00049218,0.00072978,0.0,100.0,0.02
in.rhodo.timer,32,16,Modify,0.21853,0.24904,0.25421,2.1,98.6,8.71
in.rhodo.timer,32,16,Other,,0.01552,,,,0.54
in.rhodo.timer,32,32,Pair,0.80246,0.86342,0.91238,2.8,97.6,49.10
in.rhodo.timer,32,32,Bond,0.013393,0.052452,0.081033,11.3,98.0,2.98
in.rhodo.timer,32,32,Kspace,0.28956,0.3386,0.39685,4.0,95.8,19.26
in.rhodo.timer,32,32,Neigh,0.14211,0.14282,0.14362,0.1,94.2,8.12
in.rhodo.timer,32,32,Comm,0.116,0.11916,0.12402,0.6,94.3,6.78
in.rhodo.timer,32,32,Output,0.00053074,0.00054424,0.00076395,0.0,100.0,0.03
in.rhodo.timer,32,32,Modify,0.21481,0.22628,0.23445,1.0,96.2,12.87
in.rhodo.timer,32,32,Other,,0.01511,,,,0.86
in.rhodo.timer,32,64,Pair,0.44557,0.48561,0.53761,2.9,96.2,41.79
in.rhodo.timer,32,64,Bond,0.0053225,0.030656,0.049477,8.4,96.5,2.64
in.rhodo.timer,32,64,Kspace,0.22606,0.27908,0.32669,3.8,94.9,24.02
in.rhodo.timer,32,64,Neigh,0.087525,0.089181,0.090898,0.3,95.7,7.67
in.rhodo.timer,32,64,Comm,0.11327,0.11748,0.12179,0.6,94.4,10.11
in.rhodo.timer,32,64,Output,0.00055895,0.00056623,0.00081922,0.0,100.0,0.05
in.rhodo.timer,32,64,Modify,0.14089,0.14756,0.15337,0.8,95.6,12.70
in.rhodo.timer,32,64,Other,,0.01198,,,,1.03
in.rhodo.timer,256,1,Pair,117.51,117.51,117.51,0.0,100.0,66.67
in.rhodo.timer,256,1,Bond,7.315,7.315,7.315,0.0,100.0,4.15
in.rhodo.timer,256,1,Kspace,18.021,18.021,18.021,0.0,100.0,10.22
in.rhodo.timer,256,1,Neigh,14.03,14.03,14.03,0.0,100.0,7.96
in.rhodo.timer,256,1,Comm,5.6138,5.6138,5.6138,0.0,99.9,3.19
in.rhodo.timer,256,1,Output,0.0028883,0.0028883,0.0028883,0.0,100.0,0.00
in.rhodo.timer,256,1,Modify,13.301,13.301,13.301,0.0,100.0,7.55
in.rhodo.timer,256,1,Other,,0.4582,,,,0.26
in.rhodo.timer,256,2,Pair,58.501,58.832,59.163,4.3,100.0,66.42
in.rhodo.timer,256,2,Bond,3.4706,3.5295,3.5884,3.1,100.0,3.98
in.rhodo.timer,256,2,Kspace,9.1221,9.5127,9.9032,12.7,98.9,10.74
in.rhodo.timer,256,2,Neigh,6.9716,6.9716,6.9717,0.0,99.9,7.87
in.rhodo.timer,256,2,Comm,2.7695,2.7702,2.7709,0.0,98.6,3.13
in.rhodo.timer,256,2,Output,0.0013873,0.0014058,0.0014243,0.0,100.0,0.00
in.rhodo.timer,256,2,Modify,6.7333,6.7353,6.7374,0.1,100.0,7.60
in.rhodo.timer,256,2,Other,,0.2188,,,,0.25
in.rhodo.timer,256,4,Pair,29.325,29.587,29.883,3.8,100.0,65.52
in.rhodo.timer,256,4,Bond,1.7476,1.7722,1.801,1.4,99.9,3.92
in.rhodo.timer,256,4,Kspace,4.6796,4.9506,5.2157,8.8,97.6,10.96
in.rhodo.timer,256,4,Neigh,3.5429,3.5434,3.5439,0.0,100.0,7.85
in.rhodo.timer,256,4,Comm,1.5203,1.5281,1.5374,0.6,97.6,3.38
in.rhodo.timer,256,4,Output,0.00073468,0.00076062,0.00077061,0.0,100.0,0.00
in.rhodo.timer,256,4,Modify,3.6208,3.6467,3.6661,1.0,99.9,8.08
in.rhodo.timer,256,4,Other,,0.1284,,,,0.28
in.rhodo.timer,256,8,Pair,14.666,14.774,14.933,2.0,100.0,64.76
in.rhodo.timer,256,8,Bond,0.87483,0.89021,0.90514,1.1,100.0,3.90
in.rhodo.timer,256,8,Kspace,2.2263,2.3898,2.5046,5.2,97.2,10.48
in.rhodo.timer,256,8,Neigh,1.798,1.7988,1.7998,0.0,100.0,7.89
in.rhodo.timer,256,8,Comm,0.82724,0.8458,0.8535,1.1,96.8,3.71
in.rhodo.timer,256,8,Output,0.00040697,0.00042346,0.00043772,0.0,100.0,0.00
in.rhodo.timer,256,8,Modify,2.0014,2.017,2.0553,1.5,99.7,8.84
in.rhodo.timer,256,8,Other,,0.09614,,,,0.42
in.rhodo.timer,256,16,Pair,7.3543,7.4768,7.6055,2.4,100.0,63.19
in.rhodo.timer,256,16,Bond,0.43455,0.44773,0.47021,1.6,99.9,3.78
in.rhodo.timer,256,16,Kspace,1.1475,1.2765,1.3988,6.0,96.2,10.79
in.rhodo.timer,256,16,Neigh,0.91892,0.92061,0.92262,0.1,100.0,7.78
in.rhodo.timer,256,16,Comm,0.4908,0.50171,0.51986,1.4,96.5,4.24
in.rhodo.timer,256,16,Output,0.00024913,0.00025603,0.00028431,0.0,100.0,0.00
in.rhodo.timer,256,16,Modify,1.112,1.1466,1.168,2.1,99.3,9.69
in.rhodo.timer,256,16,Other,,0.06233,,,,0.53
in.rhodo.timer,256,32,Pair,3.7037,3.779,3.8593,2.1,99.9,60.56
in.rhodo.timer,256,32,Bond,0.18756,0.23806,0.29315,8.7,100.0,3.82
in.rhodo.timer,256,32,Kspace,0.64376,0.69586,0.79361,4.1,95.8,11.15
in.rhodo.timer,256,32,Neigh,0.48148,0.48247,0.48343,0.1,99.9,7.73
in.rhodo.timer,256,32,Comm,0.3195,0.32825,0.35207,1.6,96.2,5.26
in.rhodo.timer,256,32,Output,0.00016667,0.00016981,0.00019951,0.0,100.0,0.00
in.rhodo.timer,256,32,Modify,0.62298,0.67077,0.6854,2.4,98.4,10.75
in.rhodo.timer,256,32,Other,,0.04509,,,,0.72
in.rhodo.timer,256,64,Pair,2.0161,2.1105,2.1931,3.2,99.7,55.57
in.rhodo.timer,256,64,Bond,0.10076,0.13364,0.16906,6.6,99.7,3.52
in.rhodo.timer,256,64,Kspace,0.43144,0.51123,0.59845,6.7,92.0,13.46
in.rhodo.timer,256,64,Neigh,0.2806,0.28201,0.28342,0.1,99.8,7.43
in.rhodo.timer,256,64,Comm,0.24428,0.26405,0.27873,2.3,94.5,6.95
in.rhodo.timer,256,64,Output,0.00014248,0.00014623,0.00018196,0.0,100.0,0.00
in.rhodo.timer,256,64,Modify,0.42,0.44965,0.48594,3.9,96.4,11.84
in.rhodo.timer,256,64,Other,,0.04657,,,,1.23
in.rhodo.timer,864,1,Pair,118.07,118.07,118.07,0.0,100.0,66.79
in.rhodo.timer,864,1,Bond,7.3148,7.3148,7.3148,0.0,99.9,4.14
in.rhodo.timer,864,1,Kspace,18.083,18.083,18.083,0.0,100.0,10.23
in.rhodo.timer,864,1,Neigh,14.012,14.012,14.012,0.0,100.0,7.93
in.rhodo.timer,864,1,Comm,5.6203,5.6203,5.6203,0.0,99.9,3.18
in.rhodo.timer,864,1,Output,0.0028513,0.0028513,0.0028513,0.0,100.0,0.00
in.rhodo.timer,864,1,Modify,13.222,13.222,13.222,0.0,100.0,7.48
in.rhodo.timer,864,1,Other,,0.4556,,,,0.26
in.rhodo.timer,864,2,Pair,59.369,59.406,59.444,0.5,100.0,66.96
in.rhodo.timer,864,2,Bond,3.4986,3.5378,3.577,2.1,99.9,3.99
in.rhodo.timer,864,2,Kspace,8.9962,9.0743,9.1525,2.6,99.6,10.23
in.rhodo.timer,864,2,Neigh,6.9787,6.9792,6.9797,0.0,99.9,7.87
in.rhodo.timer,864,2,Comm,2.7678,2.7711,2.7744,0.2,98.8,3.12
in.rhodo.timer,864,2,Output,0.0013914,0.0014112,0.0014311,0.1,100.0,0.00
in.rhodo.timer,864,2,Modify,6.728,6.7354,6.7428,0.3,99.9,7.59
in.rhodo.timer,864,2,Other,,0.2196,,,,0.25
in.rhodo.timer,864,4,Pair,29.263,29.506,29.765,3.3,100.0,65.54
in.rhodo.timer,864,4,Bond,1.7362,1.7708,1.8127,2.1,100.0,3.93
in.rhodo.timer,864,4,Kspace,4.6496,4.9117,5.166,8.3,97.9,10.91
in.rhodo.timer,864,4,Neigh,3.5332,3.5345,3.5358,0.0,100.0,7.85
in.rhodo.timer,864,4,Comm,1.5172,1.5249,1.5337,0.6,97.8,3.39
in.rhodo.timer,864,4,Output,0.00073841,0.00076414,0.00077517,0.0,100.0,0.00
in.rhodo.timer,864,4,Modify,3.6123,3.6375,3.6572,1.0,99.9,8.08
in.rhodo.timer,864,4,Other,,0.1306,,,,0.29
in.rhodo.timer,864,8,Pair,14.666,14.823,15.087,3.2,100.0,64.55
in.rhodo.timer,864,8,Bond,0.87228,0.89147,0.91154,1.3,100.0,3.88
in.rhodo.timer,864,8,Kspace,2.2225,2.4902,2.6559,7.7,96.3,10.84
in.rhodo.timer,864,8,Neigh,1.7969,1.7979,1.7989,0.0,100.0,7.83
in.rhodo.timer,864,8,Comm,0.82972,0.84522,0.8517,1.0,96.6,3.68
in.rhodo.timer,864,8,Output,0.00040346,0.00042238,0.0004408,0.0,100.0,0.00
in.rhodo.timer,864,8,Modify,2.0033,2.0188,2.0531,1.4,99.6,8.79
in.rhodo.timer,864,8,Other,,0.09601,,,,0.42
in.rhodo.timer,864,16,Pair,7.3558,7.464,7.5354,1.7,100.0,63.42
in.rhodo.timer,864,16,Bond,0.4342,0.44848,0.46944,1.6,100.0,3.81
in.rhodo.timer,864,16,Kspace,1.1551,1.2256,1.331,4.3,97.1,10.41
in.rhodo.timer,864,16,Neigh,0.91986,0.92158,0.92318,0.1,100.0,7.83
in.rhodo.timer,864,16,Comm,0.48969,0.50209,0.52042,1.5,96.1,4.27
in.rhodo.timer,864,16,Output,0.00024822,0.00025476,0.00028576,0.0,100.0,0.00
in.rhodo.timer,864,16,Modify,1.11,1.1447,1.1671,2.2,99.4,9.73
in.rhodo.timer,864,16,Other,,0.06264,,,,0.53
in.rhodo.timer,864,32,Pair,3.7125,3.7803,3.856,2.0,99.9,60.38
in.rhodo.timer,864,32,Bond,0.18653,0.2377,0.29293,8.6,100.0,3.80
in.rhodo.timer,864,32,Kspace,0.63985,0.71201,0.79217,4.2,95.7,11.37
in.rhodo.timer,864,32,Neigh,0.48264,0.48365,0.48459,0.1,99.9,7.72
in.rhodo.timer,864,32,Comm,0.32018,0.33092,0.35323,1.6,95.7,5.29
in.rhodo.timer,864,32,Output,0.00024877,0.00025161,0.00029021,0.0,100.0,0.00
in.rhodo.timer,864,32,Modify,0.62117,0.67001,0.68508,2.4,98.2,10.70
in.rhodo.timer,864,32,Other,,0.04639,,,,0.74
in.rhodo.timer,864,64,Pair,2.0281,2.1126,2.1965,3.3,99.7,55.38
in.rhodo.timer,864,64,Bond,0.10092,0.13379,0.16817,6.6,99.7,3.51
in.rhodo.timer,864,64,Kspace,0.43673,0.51984,0.60284,6.9,91.1,13.63
in.rhodo.timer,864,64,Neigh,0.28063,0.28199,0.28318,0.1,99.9,7.39
in.rhodo.timer,864,64,Comm,0.24357,0.26556,0.28133,2.3,94.6,6.96
in.rhodo.timer,864,64,Output,0.00014159,0.00014499,0.00019048,0.0,100.0,0.00
in.rhodo.timer,864,64,Modify,0.42422,0.45259,0.49221,3.9,97.6,11.87
in.rhodo.timer,864,64,Other,,0.04799,,,,1.26
in.rhodo.timer,2048,1,Pair,118.31,118.31,118.31,0.0,100.0,66.81
in.rhodo.timer,2048,1,Bond,7.3295,7.3295,7.3295,0.0,100.0,4.14
in.rhodo.timer,2048,1,Kspace,18.125,18.125,18.125,0.0,100.0,10.24
in.rhodo.timer,2048,1,Neigh,13.995,13.995,13.995,0.0,100.0,7.90
in.rhodo.timer,2048,1,Comm,5.6167,5.6167,5.6167,0.0,99.9,3.17
in.rhodo.timer,2048,1,Output,0.0028678,0.0028678,0.0028678,0.0,100.0,0.00
in.rhodo.timer,2048,1,Modify,13.245,13.245,13.245,0.0,100.0,7.48
in.rhodo.timer,2048,1,Other,,0.4542,,,,0.26
in.rhodo.timer,2048,2,Pair,58.793,58.929,59.065,1.8,100.0,66.71
in.rhodo.timer,2048,2,Bond,3.4979,3.5301,3.5623,1.7,100.0,4.00
in.rhodo.timer,2048,2,Kspace,8.9783,9.1471,9.316,5.6,99.5,10.36
in.rhodo.timer,2048,2,Neigh,6.9998,7,7.0002,0.0,99.7,7.92
in.rhodo.timer,2048,2,Comm,2.7662,2.7679,2.7696,0.1,98.8,3.13
in.rhodo.timer,2048,2,Output,0.0014666,0.0014845,0.0015025,0.0,100.0,0.00
in.rhodo.timer,2048,2,Modify,6.7305,6.736,6.7415,0.2,99.9,7.63
in.rhodo.timer,2048,2,Other,,0.2191,,,,0.25
in.rhodo.timer,2048,4,Pair,29.429,29.562,29.862,3.2,100.0,65.52
in.rhodo.timer,2048,4,Bond,1.7433,1.7706,1.7998,1.5,100.0,3.92
in.rhodo.timer,2048,4,Kspace,4.6388,4.9423,5.1052,8.1,97.8,10.95
in.rhodo.timer,2048,4,Neigh,3.528,3.5288,3.5296,0.0,100.0,7.82
in.rhodo.timer,2048,4,Comm,1.5163,1.5264,1.5375,0.7,98.1,3.38
in.rhodo.timer,2048,4,Output,0.00073411,0.00075787,0.00076725,0.0,100.0,0.00
in.rhodo.timer,2048,4,Modify,3.6323,3.658,3.6815,1.0,99.8,8.11
in.rhodo.timer,2048,4,Other,,0.1302,,,,0.29
in.rhodo.timer,2048,8,Pair,14.657,14.791,14.952,2.6,100.0,64.83
in.rhodo.timer,2048,8,Bond,0.87438,0.89026,0.90775,1.2,100.0,3.90
in.rhodo.timer,2048,8,Kspace,2.2213,2.3796,2.5176,6.6,97.3,10.43
in.rhodo.timer,2048,8,Neigh,1.7958,1.7966,1.7976,0.0,100.0,7.87
in.rhodo.timer,2048,8,Comm,0.83089,0.85002,0.85782,1.1,97.2,3.73
in.rhodo.timer,2048,8,Output,0.00040352,0.00042165,0.00044214,0.0,100.0,0.00
in.rhodo.timer,2048,8,Modify,1.9991,2.0141,2.0535,1.5,99.6,8.83
in.rhodo.timer,2048,8,Other,,0.09233,,,,0.40
in.rhodo.timer,2048,16,Pair,7.3359,7.4495,7.6358,2.5,100.0,62.87
in.rhodo.timer,2048,16,Bond,0.43564,0.44816,0.47169,1.6,99.9,3.78
in.rhodo.timer,2048,16,Kspace,1.1473,1.3161,1.428,5.9,96.3,11.11
in.rhodo.timer,2048,16,Neigh,0.91779,0.91966,0.92162,0.1,100.0,7.76
in.rhodo.timer,2048,16,Comm,0.49045,0.50085,0.51467,1.4,96.5,4.23
in.rhodo.timer,2048,16,Output,0.00024442,0.00025054,0.00028032,0.0,100.0,0.00
in.rhodo.timer,2048,16,Modify,1.1196,1.1518,1.173,2.1,99.5,9.72
in.rhodo.timer,2048,16,Other,,0.06189,,,,0.52
in.rhodo.timer,2048,32,Pair,3.7205,3.7814,3.8504,1.9,99.9,60.60
in.rhodo.timer,2048,32,Bond,0.18547,0.23545,0.29165,8.6,99.9,3.77
in.rhodo.timer,2048,32,Kspace,0.63371,0.69419,0.75272,3.4,96.7,11.12
in.rhodo.timer,2048,32,Neigh,0.48111,0.48228,0.48324,0.1,99.9,7.73
in.rhodo.timer,2048,32,Comm,0.31933,0.32867,0.35114,1.7,95.2,5.27
in.rhodo.timer,2048,32,Output,0.00021357,0.00021831,0.0002531,0.0,100.0,0.00
in.rhodo.timer,2048,32,Modify,0.62613,0.67247,0.68684,2.6,97.6,10.78
in.rhodo.timer,2048,32,Other,,0.04572,,,,0.73
in.rhodo.timer,2048,64,Pair,2.0255,2.1101,2.2246,3.5,99.8,54.03
in.rhodo.timer,2048,64,Bond,0.1005,0.13284,0.16672,6.6,99.6,3.40
in.rhodo.timer,2048,64,Kspace,0.46075,0.60328,0.69146,6.8,89.7,15.45
in.rhodo.timer,2048,64,Neigh,0.29189,0.29283,0.29402,0.1,99.9,7.50
in.rhodo.timer,2048,64,Comm,0.24642,0.2663,0.28306,2.4,94.6,6.82
in.rhodo.timer,2048,64,Output,0.0001418,0.00014449,0.00018133,0.0,100.0,0.00
in.rhodo.timer,2048,64,Modify,0.42052,0.45184,0.48894,3.9,96.7,11.57
in.rhodo.timer,2048,64,Other,,0.04807,,,,1.23
