Benchmark,Size,GPUs,Section,min time,avg time,max time,%varavg,%total
in.rhodo,32,1,Pair,0.49166,0.54017,0.60014,5.8,12.82
in.rhodo,32,1,Bond,1.0224,1.1082,1.1902,5.9,26.30
in.rhodo,32,1,Kspace,0.84963,0.92764,1.0327,7.0,22.02
in.rhodo,32,1,Neigh,0.09074,0.093904,0.096023,0.7,2.23
in.rhodo,32,1,Comm,0.28007,0.31152,0.33404,3.4,7.39
in.rhodo,32,1,Output,0.00083837,0.00089392,0.0011162,0.0,0.02
in.rhodo,32,1,Modify,1.0916,1.1646,1.2654,6.4,27.64
in.rhodo,32,1,Other,,0.06674,,,1.58
in.rhodo,32,2,Pair,0.78445,0.82655,0.88416,2.8,22.76
in.rhodo,32,2,Bond,0.46468,0.55557,0.642,6.5,15.30
in.rhodo,32,2,Kspace,1.0479,1.1342,1.2352,4.5,31.23
in.rhodo,32,2,Neigh,0.051897,0.052408,0.05308,0.1,1.44
in.rhodo,32,2,Comm,0.22869,0.24319,0.27007,3.5,6.70
in.rhodo,32,2,Output,0.00092137,0.00094992,0.0012149,0.0,0.03
in.rhodo,32,2,Modify,0.68496,0.77512,0.83903,5.4,21.34
in.rhodo,32,2,Other,,0.04357,,,1.20
in.rhodo,32,4,Pair,0.31309,0.35576,0.39396,4.0,13.73
in.rhodo,32,4,Bond,0.50278,0.57388,0.63013,5.6,22.15
in.rhodo,32,4,Kspace,0.58302,0.64849,0.69803,5.1,25.03
in.rhodo,32,4,Neigh,0.045745,0.046613,0.04728,0.2,1.80
in.rhodo,32,4,Comm,0.23147,0.2449,0.27268,3.6,9.45
in.rhodo,32,4,Output,0.00089287,0.00092687,0.0011928,0.0,0.04
in.rhodo,32,4,Modify,0.60428,0.67409,0.71579,4.3,26.02
in.rhodo,32,4,Other,,0.04577,,,1.77
in.rhodo,32,6,Pair,0.27607,0.31278,0.36244,4.4,13.26
in.rhodo,32,6,Bond,0.2258,0.38913,0.65387,25.7,16.49
in.rhodo,32,6,Kspace,0.56599,0.82137,0.98805,17.4,34.81
in.rhodo,32,6,Neigh,0.042156,0.04337,0.044279,0.2,1.84
in.rhodo,32,6,Comm,0.20923,0.22033,0.25241,3.2,9.34
in.rhodo,32,6,Output,0.00081829,0.0008433,0.0010988,0.0,0.04
in.rhodo,32,6,Modify,0.45758,0.53386,0.58466,5.7,22.63
in.rhodo,32,6,Other,,0.0378,,,1.60
in.rhodo,32,8,Pair,0.25406,0.29673,0.33826,4.2,13.64
in.rhodo,32,8,Bond,0.16024,0.30105,0.51753,22.3,13.83
in.rhodo,32,8,Kspace,0.61214,0.82545,0.97251,13.5,37.93
in.rhodo,32,8,Neigh,0.036474,0.03816,0.039302,0.4,1.75
in.rhodo,32,8,Comm,0.19552,0.2278,0.24646,3.6,10.47
in.rhodo,32,8,Output,0.0018246,0.0018471,0.0021166,0.1,0.08
in.rhodo,32,8,Modify,0.36442,0.42632,0.51031,6.3,19.59
in.rhodo,32,8,Other,,0.05875,,,2.70
in.rhodo,256,1,Pair,0.49366,0.50886,0.5259,1.1,20.51
in.rhodo,256,1,Bond,0.51413,0.53855,0.57701,2.8,21.71
in.rhodo,256,1,Kspace,0.46196,0.50175,0.52563,2.9,20.22
in.rhodo,256,1,Neigh,0.074897,0.076492,0.077201,0.2,3.08
in.rhodo,256,1,Comm,0.14261,0.14978,0.1655,2.0,6.04
in.rhodo,256,1,Output,0.00025351,0.00026062,0.00030741,0.0,0.01
in.rhodo,256,1,Modify,0.63046,0.66191,0.68691,2.1,26.68
in.rhodo,256,1,Other,,0.04338,,,1.75
in.rhodo,256,2,Pair,0.26567,0.31397,0.3358,3.0,17.61
in.rhodo,256,2,Bond,0.29213,0.32509,0.35222,3.1,18.23
in.rhodo,256,2,Kspace,0.44921,0.47925,0.51079,2.6,26.88
in.rhodo,256,2,Neigh,0.040847,0.042001,0.042727,0.2,2.36
in.rhodo,256,2,Comm,0.12607,0.13808,0.14467,2.0,7.74
in.rhodo,256,2,Output,0.00022604,0.00023064,0.00027675,0.0,0.01
in.rhodo,256,2,Modify,0.42142,0.4468,0.48608,2.9,25.06
in.rhodo,256,2,Other,,0.03752,,,2.10
in.rhodo,256,4,Pair,0.14033,0.16398,0.18728,3.1,12.21
in.rhodo,256,4,Bond,0.27345,0.29321,0.32461,2.6,21.83
in.rhodo,256,4,Kspace,0.28052,0.3113,0.33533,2.9,23.18
in.rhodo,256,4,Neigh,0.040466,0.041918,0.042869,0.3,3.12
in.rhodo,256,4,Comm,0.11105,0.11937,0.14056,2.2,8.89
in.rhodo,256,4,Output,0.00022091,0.0002242,0.00026733,0.0,0.02
in.rhodo,256,4,Modify,0.33222,0.38508,0.40903,2.9,28.68
in.rhodo,256,4,Other,,0.02782,,,2.07
in.rhodo,256,6,Pair,0.094439,0.12782,0.15904,5.3,11.11
in.rhodo,256,6,Bond,0.17954,0.21362,0.23406,3.0,18.57
in.rhodo,256,6,Kspace,0.28784,0.32049,0.35625,3.3,27.86
in.rhodo,256,6,Neigh,0.030272,0.031302,0.032707,0.3,2.72
in.rhodo,256,6,Comm,0.099946,0.11413,0.12891,3.3,9.92
in.rhodo,256,6,Output,0.00022541,0.00022897,0.00027182,0.0,0.02
in.rhodo,256,6,Modify,0.26991,0.30364,0.36343,4.4,26.40
in.rhodo,256,6,Other,,0.03904,,,3.39
in.rhodo,256,8,Pair,0.094994,0.10564,0.11692,1.5,10.01
in.rhodo,256,8,Bond,0.18238,0.21753,0.23723,3.1,20.61
in.rhodo,256,8,Kspace,0.24283,0.26957,0.31022,3.5,25.54
in.rhodo,256,8,Neigh,0.029629,0.031506,0.032672,0.4,2.98
in.rhodo,256,8,Comm,0.099278,0.11407,0.1303,3.1,10.81
in.rhodo,256,8,Output,0.00020591,0.00021051,0.0002593,0.0,0.02
in.rhodo,256,8,Modify,0.25607,0.27856,0.31865,3.9,26.39
in.rhodo,256,8,Other,,0.03857,,,3.65
in.rhodo,864,1,Pair,3.1216,3.1927,3.2823,2.2,39.14
in.rhodo,864,1,Bond,0.7849,0.82338,0.87689,2.4,10.09
in.rhodo,864,1,Kspace,2.1967,2.256,2.3008,1.6,27.66
in.rhodo,864,1,Neigh,0.17995,0.18531,0.18895,0.4,2.27
in.rhodo,864,1,Comm,0.27019,0.29723,0.3268,3.8,3.64
in.rhodo,864,1,Output,0.00042857,0.00046068,0.00051285,0.0,0.01
in.rhodo,864,1,Modify,1.1736,1.3118,1.4162,5.3,16.08
in.rhodo,864,1,Other,,0.08972,,,1.10
in.rhodo,864,1,Pair,1.7489,1.8049,1.8615,2.0,29.77
in.rhodo,864,1,Bond,0.79631,0.82439,0.92848,2.7,13.60
in.rhodo,864,1,Kspace,1.4655,1.5719,1.6026,2.0,25.93
in.rhodo,864,1,Neigh,0.18604,0.19026,0.19248,0.3,3.14
in.rhodo,864,1,Comm,0.27807,0.3066,0.33312,3.6,5.06
in.rhodo,864,1,Output,0.00051484,0.00052616,0.00057454,0.0,0.01
in.rhodo,864,1,Modify,1.1598,1.2713,1.3719,4.6,20.97
in.rhodo,864,1,Other,,0.09205,,,1.52
in.rhodo,864,1,Pair,1.6508,1.7744,1.8293,3.1,29.90
in.rhodo,864,1,Bond,0.79116,0.81939,0.85686,2.0,13.81
in.rhodo,864,1,Kspace,1.5024,1.5392,1.5702,1.4,25.94
in.rhodo,864,1,Neigh,0.17326,0.17514,0.17696,0.3,2.95
in.rhodo,864,1,Comm,0.26156,0.28712,0.31484,3.9,4.84
in.rhodo,864,1,Output,0.00039293,0.00041951,0.00047931,0.0,0.01
in.rhodo,864,1,Modify,1.1435,1.2463,1.3693,5.6,21.00
in.rhodo,864,1,Other,,0.09193,,,1.55
in.rhodo,864,2,Pair,0.56103,0.60131,0.64781,2.3,15.28
in.rhodo,864,2,Bond,0.78572,0.82113,0.86237,2.0,20.86
in.rhodo,864,2,Kspace,0.80261,0.8426,0.88181,2.0,21.41
in.rhodo,864,2,Neigh,0.16978,0.17228,0.17515,0.3,4.38
in.rhodo,864,2,Comm,0.25794,0.28377,0.30873,3.8,7.21
in.rhodo,864,2,Output,0.0011158,0.0011235,0.0011792,0.0,0.03
in.rhodo,864,2,Modify,1.0583,1.1273,1.202,4.5,28.64
in.rhodo,864,2,Other,,0.08679,,,2.20
in.rhodo,864,2,Pair,0.55337,0.59473,0.65775,2.6,14.57
in.rhodo,864,2,Bond,0.79151,0.82039,0.85212,2.0,20.10
in.rhodo,864,2,Kspace,0.87702,0.91596,0.95314,2.2,22.44
in.rhodo,864,2,Neigh,0.19007,0.19313,0.19606,0.3,4.73
in.rhodo,864,2,Comm,0.27365,0.30093,0.33329,3.8,7.37
in.rhodo,864,2,Output,0.00039935,0.00041505,0.00045685,0.0,0.01
in.rhodo,864,2,Modify,1.0743,1.1715,1.2388,4.2,28.70
in.rhodo,864,2,Other,,0.08501,,,2.08
in.rhodo,864,2,Pair,1.0803,1.1323,1.1835,2.2,21.87
in.rhodo,864,2,Bond,0.78988,0.82351,0.86748,2.2,15.90
in.rhodo,864,2,Kspace,1.4716,1.5184,1.5599,1.8,29.32
in.rhodo,864,2,Neigh,0.17649,0.17999,0.18371,0.3,3.48
in.rhodo,864,2,Comm,0.26511,0.29037,0.31689,3.7,5.61
in.rhodo,864,2,Output,0.00038663,0.0004023,0.00047209,0.0,0.01
in.rhodo,864,2,Modify,1.0624,1.1522,1.2507,4.9,22.25
in.rhodo,864,2,Other,,0.08055,,,1.56
in.rhodo,864,4,Pair,0.31819,0.34921,0.3795,2.6,10.36
in.rhodo,864,4,Bond,0.79521,0.82546,0.87136,2.4,24.50
in.rhodo,864,4,Kspace,0.53805,0.57933,0.61944,3.0,17.19
in.rhodo,864,4,Neigh,0.17587,0.17844,0.18097,0.3,5.30
in.rhodo,864,4,Comm,0.26319,0.28774,0.31517,3.7,8.54
in.rhodo,864,4,Output,0.00038155,0.00039684,0.00045762,0.0,0.01
in.rhodo,864,4,Modify,1.0022,1.0679,1.131,4.3,31.69
in.rhodo,864,4,Other,,0.08098,,,2.40
in.rhodo,864,4,Pair,0.42514,0.46684,0.51972,4.2,11.71
in.rhodo,864,4,Bond,0.79841,0.83448,0.8889,2.4,20.93
in.rhodo,864,4,Kspace,0.92472,0.98223,1.0309,2.6,24.64
in.rhodo,864,4,Neigh,0.18115,0.18447,0.18708,0.3,4.63
in.rhodo,864,4,Comm,0.26703,0.29496,0.32139,3.7,7.40
in.rhodo,864,4,Output,0.00036331,0.0003915,0.00044426,0.0,0.01
in.rhodo,864,4,Modify,1.0651,1.138,1.2116,4.4,28.55
in.rhodo,864,4,Other,,0.0853,,,2.14
in.rhodo,864,4,Pair,0.33417,0.38364,0.45305,4.8,10.44
in.rhodo,864,4,Bond,0.80397,0.83007,0.89473,2.3,22.59
in.rhodo,864,4,Kspace,0.62646,0.70076,0.74017,2.9,19.07
in.rhodo,864,4,Neigh,0.18367,0.18721,0.18975,0.3,5.09
in.rhodo,864,4,Comm,0.27565,0.30504,0.33595,3.9,8.30
in.rhodo,864,4,Output,0.00039754,0.00041397,0.00045119,0.0,0.01
in.rhodo,864,4,Modify,1.0498,1.1559,1.2393,4.9,31.45
in.rhodo,864,4,Other,,0.112,,,3.05
in.rhodo,864,6,Pair,0.21984,0.26532,0.31477,6.2,8.68
in.rhodo,864,6,Bond,0.50734,0.64674,0.80211,13.8,21.15
in.rhodo,864,6,Kspace,0.51402,0.69221,0.86202,13.8,22.64
in.rhodo,864,6,Neigh,0.14985,0.15755,0.16079,0.5,5.15
in.rhodo,864,6,Comm,0.2802,0.29475,0.34696,3.0,9.64
in.rhodo,864,6,Output,0.00040668,0.00042156,0.0004742,0.0,0.01
in.rhodo,864,6,Modify,0.81085,0.91676,0.94617,3.5,29.99
in.rhodo,864,6,Other,,0.08341,,,2.73
in.rhodo,864,6,Pair,0.20873,0.24889,0.28734,5.6,8.63
in.rhodo,864,6,Bond,0.49665,0.63924,0.78177,13.7,22.17
in.rhodo,864,6,Kspace,0.44514,0.61157,0.77153,14.3,21.21
in.rhodo,864,6,Neigh,0.14143,0.14513,0.1476,0.4,5.03
in.rhodo,864,6,Comm,0.27132,0.28269,0.32553,2.7,9.80
in.rhodo,864,6,Output,0.00032308,0.00033516,0.00038225,0.0,0.01
in.rhodo,864,6,Modify,0.78898,0.88266,0.90987,3.4,30.61
in.rhodo,864,6,Other,,0.07315,,,2.54
in.rhodo,864,6,Pair,0.27447,0.35366,0.42778,9.7,11.49
in.rhodo,864,6,Bond,0.49989,0.64484,0.79007,13.5,20.95
in.rhodo,864,6,Kspace,0.50968,0.66595,0.83462,13.8,21.64
in.rhodo,864,6,Neigh,0.14295,0.14779,0.15056,0.5,4.80
in.rhodo,864,6,Comm,0.27358,0.28807,0.33685,2.9,9.36
in.rhodo,864,6,Output,0.00032493,0.00034275,0.00038914,0.0,0.01
in.rhodo,864,6,Modify,0.77598,0.90752,0.96717,4.8,29.48
in.rhodo,864,6,Other,,0.06985,,,2.27
in.rhodo,864,8,Pair,0.22337,0.22991,0.2369,0.8,7.96
in.rhodo,864,8,Bond,0.50424,0.64349,0.79147,13.5,22.28
in.rhodo,864,8,Kspace,0.42977,0.57418,0.71408,14.1,19.88
in.rhodo,864,8,Neigh,0.14539,0.14968,0.1526,0.4,5.18
in.rhodo,864,8,Comm,0.27392,0.28867,0.329,2.7,9.99
in.rhodo,864,8,Output,0.00036835,0.00037658,0.00042954,0.0,0.01
in.rhodo,864,8,Modify,0.83261,0.92009,0.94661,3.1,31.85
in.rhodo,864,8,Other,,0.08221,,,2.85
in.rhodo,864,8,Pair,0.30682,0.32135,0.33649,1.8,11.21
in.rhodo,864,8,Bond,0.51672,0.64568,0.79834,13.5,22.52
in.rhodo,864,8,Kspace,0.3709,0.524,0.65773,14.8,18.27
in.rhodo,864,8,Neigh,0.14054,0.14646,0.14988,0.6,5.11
in.rhodo,864,8,Comm,0.2686,0.2847,0.33195,2.9,9.93
in.rhodo,864,8,Output,0.00037803,0.00038843,0.00042762,0.0,0.01
in.rhodo,864,8,Modify,0.79107,0.87637,0.90105,3.3,30.56
in.rhodo,864,8,Other,,0.06872,,,2.40
in.rhodo,864,8,Pair,0.23837,0.24682,0.25801,1.2,8.12
in.rhodo,864,8,Bond,0.51287,0.64738,0.79981,13.6,21.30
in.rhodo,864,8,Kspace,0.48913,0.64889,0.79252,14.0,21.35
in.rhodo,864,8,Neigh,0.15681,0.16022,0.16336,0.4,5.27
in.rhodo,864,8,Comm,0.28744,0.30498,0.35129,3.1,10.04
in.rhodo,864,8,Output,0.00037372,0.00038058,0.00043434,0.0,0.01
in.rhodo,864,8,Modify,0.84379,0.93515,0.97818,3.2,30.77
in.rhodo,864,8,Other,,0.09529,,,3.14
in.rhodo,2048,1,Pair,0.78194,0.82503,0.86728,3.1,5.01
in.rhodo,2048,1,Bond,4.5337,4.5669,4.6221,1.2,27.73
in.rhodo,2048,1,Kspace,4.0153,4.0659,4.0948,1.2,24.69
in.rhodo,2048,1,Neigh,0.91587,0.92657,0.93273,0.5,5.63
in.rhodo,2048,1,Comm,0.73882,0.78626,0.83113,3.9,4.77
in.rhodo,2048,1,Output,0.0011037,0.0011499,0.0012099,0.1,0.01
in.rhodo,2048,1,Modify,4.8704,4.9984,5.1466,3.8,30.35
in.rhodo,2048,1,Other,,0.2977,,,1.81
in.rhodo,2048,1,Pair,0.83501,0.91618,1.0191,5.6,5.24
in.rhodo,2048,1,Bond,4.5618,4.6108,4.6711,1.6,26.36
in.rhodo,2048,1,Kspace,4.3594,4.4218,4.4717,1.8,25.28
in.rhodo,2048,1,Neigh,0.96633,0.97379,0.98035,0.4,5.57
in.rhodo,2048,1,Comm,0.82531,0.87603,0.92244,4.2,5.01
in.rhodo,2048,1,Output,0.0010945,0.0011377,0.0011942,0.1,0.01
in.rhodo,2048,1,Modify,5.1457,5.3166,5.489,5.0,30.40
in.rhodo,2048,1,Other,,0.3725,,,2.13
in.rhodo,2048,1,Pair,4.0639,4.2797,4.4623,5.6,21.20
in.rhodo,2048,1,Bond,4.5371,4.5684,4.5997,0.8,22.63
in.rhodo,2048,1,Kspace,4.0008,4.0323,4.0619,0.8,19.97
in.rhodo,2048,1,Neigh,0.95142,0.95699,0.96323,0.4,4.74
in.rhodo,2048,1,Comm,0.71987,0.78871,0.8349,4.6,3.91
in.rhodo,2048,1,Output,0.0011003,0.001153,0.0011815,0.1,0.01
in.rhodo,2048,1,Modify,4.9679,5.2428,5.5333,6.2,25.97
in.rhodo,2048,1,Other,,0.3193,,,1.58
in.rhodo,2048,2,Pair,0.86002,0.9305,1.0006,3.3,11.46
in.rhodo,2048,2,Bond,1.5298,1.5916,1.6767,2.9,19.61
in.rhodo,2048,2,Kspace,2.1271,2.2351,2.2947,2.7,27.54
in.rhodo,2048,2,Neigh,0.31699,0.32159,0.32537,0.4,3.96
in.rhodo,2048,2,Comm,0.51053,0.56959,0.63013,5.7,7.02
in.rhodo,2048,2,Output,0.00055352,0.000564,0.00062356,0.0,0.01
in.rhodo,2048,2,Modify,2.1227,2.263,2.4121,6.2,27.88
in.rhodo,2048,2,Other,,0.2042,,,2.52
in.rhodo,2048,2,Pair,0.93075,0.99054,1.0368,2.2,13.02
in.rhodo,2048,2,Bond,1.5171,1.5734,1.6531,3.0,20.69
in.rhodo,2048,2,Kspace,1.8372,1.9099,1.9804,2.8,25.11
in.rhodo,2048,2,Neigh,0.29008,0.29283,0.29569,0.2,3.85
in.rhodo,2048,2,Comm,0.48734,0.53581,0.5876,5.7,7.05
in.rhodo,2048,2,Output,0.00059773,0.00061716,0.00066238,0.0,0.01
in.rhodo,2048,2,Modify,1.9891,2.1134,2.2459,6.0,27.79
in.rhodo,2048,2,Other,,0.1889,,,2.48
in.rhodo,2048,2,Pair,2.491,2.6179,2.7128,3.2,25.50
in.rhodo,2048,2,Bond,1.5113,1.5716,1.6433,2.9,15.31
in.rhodo,2048,2,Kspace,2.7818,2.8564,2.9099,2.3,27.82
in.rhodo,2048,2,Neigh,0.28484,0.28715,0.2894,0.2,2.80
in.rhodo,2048,2,Comm,0.48206,0.5379,0.59807,5.9,5.24
in.rhodo,2048,2,Output,0.00058838,0.00061672,0.0006891,0.0,0.01
in.rhodo,2048,2,Modify,2.0247,2.1988,2.4084,7.0,21.42
in.rhodo,2048,2,Other,,0.1956,,,1.90
in.rhodo,2048,4,Pair,1.258,1.4104,1.506,5.2,17.35
in.rhodo,2048,4,Bond,1.5223,1.5766,1.6627,2.8,19.40
in.rhodo,2048,4,Kspace,1.864,1.9555,2.0045,2.6,24.06
in.rhodo,2048,4,Neigh,0.29081,0.29689,0.30045,0.5,3.65
in.rhodo,2048,4,Comm,0.48314,0.54174,0.59867,5.9,6.66
in.rhodo,2048,4,Output,0.000569,0.00058135,0.00064788,0.0,0.01
in.rhodo,2048,4,Modify,2.0048,2.1715,2.3954,7.6,26.71
in.rhodo,2048,4,Other,,0.1755,,,2.16
in.rhodo,2048,4,Pair,0.60871,0.67931,0.75638,4.1,10.32
in.rhodo,2048,4,Bond,1.5185,1.5751,1.6557,2.7,23.92
in.rhodo,2048,4,Kspace,1.1584,1.2689,1.3288,3.1,19.27
in.rhodo,2048,4,Neigh,0.27863,0.28176,0.28427,0.2,4.28
in.rhodo,2048,4,Comm,0.47981,0.53858,0.58849,5.9,8.18
in.rhodo,2048,4,Output,0.00063704,0.00066164,0.00072569,0.0,0.01
in.rhodo,2048,4,Modify,1.9064,2.0608,2.2057,6.6,31.30
in.rhodo,2048,4,Other,,0.1784,,,2.71
in.rhodo,2048,4,Pair,0.65521,0.77475,0.93013,7.9,10.63
in.rhodo,2048,4,Bond,1.5373,1.5945,1.6727,2.8,21.88
in.rhodo,2048,4,Kspace,1.4809,1.5528,1.6203,3.0,21.30
in.rhodo,2048,4,Neigh,0.32298,0.32934,0.33301,0.4,4.52
in.rhodo,2048,4,Comm,0.52711,0.58109,0.6422,6.0,7.97
in.rhodo,2048,4,Output,0.0006216,0.00064513,0.00071348,0.0,0.01
in.rhodo,2048,4,Modify,2.041,2.2391,2.4316,7.3,30.72
in.rhodo,2048,4,Other,,0.2165,,,2.97
in.rhodo,2048,6,Pair,0.39737,0.47706,0.5437,8.0,7.55
in.rhodo,2048,6,Bond,1.5317,1.5844,1.6692,2.8,25.07
in.rhodo,2048,6,Kspace,0.99826,1.1355,1.2616,7.1,17.96
in.rhodo,2048,6,Neigh,0.27729,0.27995,0.28208,0.2,4.43
in.rhodo,2048,6,Comm,0.49161,0.54571,0.59553,5.6,8.63
in.rhodo,2048,6,Output,0.00054788,0.00055994,0.00063535,0.0,0.01
in.rhodo,2048,6,Modify,1.9937,2.0971,2.1993,5.8,33.18
in.rhodo,2048,6,Other,,0.2006,,,3.17
in.rhodo,2048,6,Pair,0.42522,0.53083,0.64036,10.5,7.78
in.rhodo,2048,6,Bond,1.5491,1.6057,1.7028,3.1,23.53
in.rhodo,2048,6,Kspace,1.2263,1.3828,1.5158,6.8,20.26
in.rhodo,2048,6,Neigh,0.32147,0.32737,0.33129,0.4,4.80
in.rhodo,2048,6,Comm,0.53113,0.58612,0.65266,5.8,8.59
in.rhodo,2048,6,Output,0.00060022,0.00062436,0.00067251,0.0,0.01
in.rhodo,2048,6,Modify,2.0439,2.1904,2.3172,6.2,32.09
in.rhodo,2048,6,Other,,0.2012,,,2.95
in.rhodo,2048,6,Pair,0.53239,0.71018,0.87074,15.3,10.59
in.rhodo,2048,6,Bond,1.5348,1.5861,1.6536,2.6,23.64
in.rhodo,2048,6,Kspace,1.1123,1.2166,1.3438,7.5,18.13
in.rhodo,2048,6,Neigh,0.28951,0.29394,0.29666,0.3,4.38
in.rhodo,2048,6,Comm,0.5072,0.56046,0.61013,5.3,8.35
in.rhodo,2048,6,Output,0.00056304,0.00057638,0.0006385,0.0,0.01
in.rhodo,2048,6,Modify,1.9225,2.1319,2.3359,8.0,31.78
in.rhodo,2048,6,Other,,0.2094,,,3.12
in.rhodo,2048,8,Pair,0.447,0.45517,0.47078,0.8,7.28
in.rhodo,2048,8,Bond,1.5338,1.5903,1.6786,3.3,25.45
in.rhodo,2048,8,Kspace,0.96768,1.0599,1.1328,4.2,16.96
in.rhodo,2048,8,Neigh,0.28423,0.28785,0.29162,0.3,4.61
in.rhodo,2048,8,Comm,0.49584,0.55328,0.60461,5.7,8.85
in.rhodo,2048,8,Output,0.0006072,0.00062708,0.00068074,0.0,0.01
in.rhodo,2048,8,Modify,1.9941,2.1006,2.2095,6.0,33.62
in.rhodo,2048,8,Other,,0.201,,,3.22
in.rhodo,2048,8,Pair,0.49511,0.51,0.5312,1.5,7.63
in.rhodo,2048,8,Bond,1.5525,1.6059,1.6717,3.0,24.02
in.rhodo,2048,8,Kspace,1.1813,1.2636,1.334,3.6,18.90
in.rhodo,2048,8,Neigh,0.31789,0.32252,0.32688,0.3,4.82
in.rhodo,2048,8,Comm,0.52672,0.58491,0.63886,6.0,8.75
in.rhodo,2048,8,Output,0.00054349,0.00056691,0.00064206,0.0,0.01
in.rhodo,2048,8,Modify,2.07,2.1742,2.2898,6.0,32.52
in.rhodo,2048,8,Other,,0.2245,,,3.36
in.rhodo,2048,8,Pair,0.60426,0.62314,0.65176,1.8,9.73
in.rhodo,2048,8,Bond,1.5407,1.5925,1.6867,3.2,24.86
in.rhodo,2048,8,Kspace,0.98226,1.0777,1.1319,3.9,16.82
in.rhodo,2048,8,Neigh,0.28178,0.28389,0.28715,0.2,4.43
in.rhodo,2048,8,Comm,0.50942,0.56368,0.61861,5.7,8.80
in.rhodo,2048,8,Output,0.00053452,0.00055401,0.00064056,0.0,0.01
in.rhodo,2048,8,Modify,1.967,2.0712,2.1761,6.0,32.33
in.rhodo,2048,8,Other,,0.1943,,,3.03
in.rhodo-e-5,32,1,Pair,0.43355,0.58746,0.73805,13.3,8.68
in.rhodo-e-5,32,1,Bond,1.0661,1.1549,1.2875,7.2,17.07
in.rhodo-e-5,32,1,Kspace,1.9309,2.0587,2.1545,5.3,30.43
in.rhodo-e-5,32,1,Neigh,0.097842,0.10076,0.10249,0.6,1.49
in.rhodo-e-5,32,1,Comm,0.28176,0.35185,0.39614,7.3,5.20
in.rhodo-e-5,32,1,Output,0.00089514,0.00095702,0.001194,0.0,0.01
in.rhodo-e-5,32,1,Modify,2.14,2.3856,2.4791,7.5,35.26
in.rhodo-e-5,32,1,Other,,0.125,,,1.85
in.rhodo-e-5,32,2,Pair,0.52239,0.59168,0.65724,5.0,12.58
in.rhodo-e-5,32,2,Bond,0.58523,0.62865,0.74789,5.4,13.37
in.rhodo-e-5,32,2,Kspace,1.458,1.5706,1.6241,3.4,33.40
in.rhodo-e-5,32,2,Neigh,0.05223,0.052862,0.0535,0.2,1.12
in.rhodo-e-5,32,2,Comm,0.23135,0.30647,0.32748,5.9,6.52
in.rhodo-e-5,32,2,Output,0.00096113,0.00099162,0.0012634,0.0,0.02
in.rhodo-e-5,32,2,Modify,1.3465,1.4281,1.6034,6.5,30.37
in.rhodo-e-5,32,2,Other,,0.1229,,,2.61
in.rhodo-e-5,32,4,Pair,0.43776,0.48307,0.54793,5.3,11.44
in.rhodo-e-5,32,4,Bond,0.56432,0.62023,0.69472,4.8,14.69
in.rhodo-e-5,32,4,Kspace,1.2218,1.2839,1.3456,3.2,30.42
in.rhodo-e-5,32,4,Neigh,0.052592,0.052939,0.053583,0.1,1.25
in.rhodo-e-5,32,4,Comm,0.23129,0.30458,0.32568,6.0,7.22
in.rhodo-e-5,32,4,Output,0.00092162,0.00095363,0.0012244,0.0,0.02
in.rhodo-e-5,32,4,Modify,1.2613,1.3555,1.4983,5.7,32.11
in.rhodo-e-5,32,4,Other,,0.1196,,,2.83
in.rhodo-e-5,32,6,Pair,0.31149,0.36521,0.45662,6.2,10.45
in.rhodo-e-5,32,6,Bond,0.23057,0.42872,0.70508,26.8,12.27
in.rhodo-e-5,32,6,Kspace,1.0167,1.2885,1.4927,15.2,36.88
in.rhodo-e-5,32,6,Neigh,0.045532,0.04616,0.046732,0.1,1.32
in.rhodo-e-5,32,6,Comm,0.23252,0.25617,0.3321,7.0,7.33
in.rhodo-e-5,32,6,Output,0.00086483,0.00089207,0.0011969,0.0,0.03
in.rhodo-e-5,32,6,Modify,0.83667,1.0331,1.1302,8.8,29.57
in.rhodo-e-5,32,6,Other,,0.07508,,,2.15
in.rhodo-e-5,32,8,Pair,0.30269,0.33779,0.37505,4.1,10.71
in.rhodo-e-5,32,8,Bond,0.15518,0.3287,0.54523,24.2,10.42
in.rhodo-e-5,32,8,Kspace,0.95648,1.2015,1.384,13.1,38.09
in.rhodo-e-5,32,8,Neigh,0.03556,0.036331,0.037131,0.2,1.15
in.rhodo-e-5,32,8,Comm,0.20119,0.26207,0.30106,7.6,8.31
in.rhodo-e-5,32,8,Output,0.00092705,0.00095046,0.001223,0.0,0.03
in.rhodo-e-5,32,8,Modify,0.80741,0.8609,1.0257,5.5,27.29
in.rhodo-e-5,32,8,Other,,0.1263,,,4.00
in.rhodo-e-5,256,1,Pair,0.24881,0.2971,0.33013,3.8,8.25
in.rhodo-e-5,256,1,Bond,0.5163,0.54689,0.57524,2.7,15.18
in.rhodo-e-5,256,1,Kspace,1.1007,1.1288,1.1593,1.8,31.33
in.rhodo-e-5,256,1,Neigh,0.085826,0.087105,0.087752,0.2,2.42
in.rhodo-e-5,256,1,Comm,0.15456,0.19881,0.22016,5.2,5.52
in.rhodo-e-5,256,1,Output,0.00029665,0.00030214,0.00035033,0.0,0.01
in.rhodo-e-5,256,1,Modify,1.182,1.2497,1.3965,5.6,34.69
in.rhodo-e-5,256,1,Other,,0.09419,,,2.61
in.rhodo-e-5,256,2,Pair,0.26234,0.29868,0.3377,3.6,11.42
in.rhodo-e-5,256,2,Bond,0.2945,0.32671,0.35668,3.4,12.49
in.rhodo-e-5,256,2,Kspace,0.87068,0.8982,0.94013,2.3,34.34
in.rhodo-e-5,256,2,Neigh,0.053795,0.055008,0.056089,0.3,2.10
in.rhodo-e-5,256,2,Comm,0.13806,0.16862,0.2144,6.1,6.45
in.rhodo-e-5,256,2,Output,0.00025354,0.00025689,0.00030539,0.0,0.01
in.rhodo-e-5,256,2,Modify,0.70891,0.79915,0.87645,6.4,30.55
in.rhodo-e-5,256,2,Other,,0.06882,,,2.63
in.rhodo-e-5,256,4,Pair,0.21646,0.26486,0.3225,4.6,12.09
in.rhodo-e-5,256,4,Bond,0.27605,0.29292,0.32067,2.2,13.37
in.rhodo-e-5,256,4,Kspace,0.60611,0.6466,0.69774,3.1,29.51
in.rhodo-e-5,256,4,Neigh,0.048315,0.049187,0.049681,0.1,2.24
in.rhodo-e-5,256,4,Comm,0.11752,0.15692,0.18428,5.3,7.16
in.rhodo-e-5,256,4,Output,0.00033412,0.00033998,0.00038847,0.0,0.02
in.rhodo-e-5,256,4,Modify,0.63864,0.70046,0.80934,4.5,31.97
in.rhodo-e-5,256,4,Other,,0.07977,,,3.64
in.rhodo-e-5,256,6,Pair,0.095456,0.17188,0.22197,9.2,9.51
in.rhodo-e-5,256,6,Bond,0.18662,0.20898,0.23253,2.8,11.57
in.rhodo-e-5,256,6,Kspace,0.54357,0.58989,0.63875,3.2,32.65
in.rhodo-e-5,256,6,Neigh,0.036072,0.036959,0.037748,0.2,2.05
in.rhodo-e-5,256,6,Comm,0.11882,0.15907,0.18645,5.0,8.81
in.rhodo-e-5,256,6,Output,0.00024133,0.00024445,0.00029635,0.0,0.01
in.rhodo-e-5,256,6,Modify,0.51054,0.55346,0.68471,5.6,30.64
in.rhodo-e-5,256,6,Other,,0.08599,,,4.76
in.rhodo-e-5,256,8,Pair,0.1331,0.15634,0.17685,2.8,8.99
in.rhodo-e-5,256,8,Bond,0.18647,0.21257,0.23155,2.8,12.22
in.rhodo-e-5,256,8,Kspace,0.52778,0.56207,0.62082,3.3,32.32
in.rhodo-e-5,256,8,Neigh,0.040411,0.041769,0.042774,0.3,2.40
in.rhodo-e-5,256,8,Comm,0.11698,0.15688,0.17734,5.2,9.02
in.rhodo-e-5,256,8,Output,0.0002362,0.0002405,0.0003034,0.0,0.01
in.rhodo-e-5,256,8,Modify,0.4894,0.52487,0.64048,4.4,30.18
in.rhodo-e-5,256,8,Other,,0.08459,,,4.86
in.rhodo-e-5,864,2,Pair,0.51241,0.58313,0.6546,4.7,8.83
in.rhodo-e-5,864,2,Bond,0.79978,0.82462,0.861,2.1,12.49
in.rhodo-e-5,864,2,Kspace,2.1622,2.2039,2.2367,1.4,33.38
in.rhodo-e-5,864,2,Neigh,0.19068,0.1944,0.19781,0.4,2.94
in.rhodo-e-5,864,2,Comm,0.29847,0.39846,0.43,6.8,6.04
in.rhodo-e-5,864,2,Output,0.00036886,0.00038101,0.000447,0.0,0.01
in.rhodo-e-5,864,2,Modify,2.062,2.1741,2.4745,7.0,32.93
in.rhodo-e-5,864,2,Other,,0.2234,,,3.38
in.rhodo-e-5,864,4,Pair,0.48311,0.55909,0.65208,5.3,8.77
in.rhodo-e-5,864,4,Bond,0.80196,0.83034,0.87422,2.1,13.02
in.rhodo-e-5,864,4,Kspace,1.9743,2.0167,2.0508,1.3,31.63
in.rhodo-e-5,864,4,Neigh,0.18683,0.19062,0.19279,0.3,2.99
in.rhodo-e-5,864,4,Comm,0.32412,0.42053,0.45864,6.4,6.59
in.rhodo-e-5,864,4,Output,0.00039693,0.00040543,0.00045831,0.0,0.01
in.rhodo-e-5,864,4,Modify,2.0258,2.1492,2.3916,6.5,33.71
in.rhodo-e-5,864,4,Other,,0.2096,,,3.29
in.rhodo-e-5,864,6,Pair,0.21083,0.33789,0.46956,13.4,6.50
in.rhodo-e-5,864,6,Bond,0.51629,0.64567,0.78114,13.2,12.43
in.rhodo-e-5,864,6,Kspace,1.5928,1.7679,1.974,9.8,34.02
in.rhodo-e-5,864,6,Neigh,0.1556,0.15944,0.16287,0.4,3.07
in.rhodo-e-5,864,6,Comm,0.29085,0.37498,0.41687,6.8,7.22
in.rhodo-e-5,864,6,Output,0.00033855,0.00034546,0.00039809,0.0,0.01
in.rhodo-e-5,864,6,Modify,1.5706,1.7095,1.9836,7.7,32.90
in.rhodo-e-5,864,6,Other,,0.2006,,,3.86
in.rhodo-e-5,864,8,Pair,0.25437,0.30461,0.36209,5.5,6.03
in.rhodo-e-5,864,8,Bond,0.51536,0.65006,0.78677,13.3,12.88
in.rhodo-e-5,864,8,Kspace,1.533,1.6906,1.8673,9.7,33.49
in.rhodo-e-5,864,8,Neigh,0.15318,0.15894,0.16224,0.4,3.15
in.rhodo-e-5,864,8,Comm,0.28501,0.37548,0.4271,7.3,7.44
in.rhodo-e-5,864,8,Output,0.00037121,0.00038679,0.00044206,0.0,0.01
in.rhodo-e-5,864,8,Modify,1.575,1.6503,1.8868,6.6,32.69
in.rhodo-e-5,864,8,Other,,0.2176,,,4.31
in.rhodo-e-5,2048,2,Pair,0.94425,1.1376,1.3748,9.0,8.10
in.rhodo-e-5,2048,2,Bond,1.5228,1.5734,1.6733,3.1,11.20
in.rhodo-e-5,2048,2,Kspace,5.5947,5.7287,5.786,1.9,40.76
in.rhodo-e-5,2048,2,Neigh,0.29397,0.29763,0.30027,0.2,2.12
in.rhodo-e-5,2048,2,Comm,0.5314,0.72619,0.82555,9.3,5.17
in.rhodo-e-5,2048,2,Output,0.00070808,0.00074011,0.00080067,0.0,0.01
in.rhodo-e-5,2048,2,Modify,3.9042,4.1683,4.6371,8.6,29.66
in.rhodo-e-5,2048,2,Other,,0.4209,,,3.00
in.rhodo-e-5,2048,4,Pair,1.3972,1.7914,2.0584,12.1,12.96
in.rhodo-e-5,2048,4,Bond,1.5274,1.5818,1.6717,2.9,11.44
in.rhodo-e-5,2048,4,Kspace,5.0191,5.1028,5.1645,1.7,36.92
in.rhodo-e-5,2048,4,Neigh,0.29467,0.29773,0.30042,0.2,2.15
in.rhodo-e-5,2048,4,Comm,0.52246,0.70397,0.76803,8.6,5.09
in.rhodo-e-5,2048,4,Output,0.00057747,0.0006,0.00067111,0.0,0.00
in.rhodo-e-5,2048,4,Modify,3.5971,3.891,4.4893,10.9,28.15
in.rhodo-e-5,2048,4,Other,,0.4535,,,3.28
in.rhodo-e-5,2048,6,Pair,0.455,0.93717,1.2697,34.5,7.36
in.rhodo-e-5,2048,6,Bond,1.5395,1.5896,1.7278,3.2,12.48
in.rhodo-e-5,2048,6,Kspace,4.7105,4.9116,5.0437,3.7,38.56
in.rhodo-e-5,2048,6,Neigh,0.28996,0.29528,0.29978,0.4,2.32
in.rhodo-e-5,2048,6,Comm,0.51682,0.71076,0.79016,8.9,5.58
in.rhodo-e-5,2048,6,Output,0.00063784,0.00066955,0.00074561,0.0,0.01
in.rhodo-e-5,2048,6,Modify,3.5358,3.9212,4.6774,17.1,30.78
in.rhodo-e-5,2048,6,Other,,0.3721,,,2.92
in.rhodo-e-5,2048,8,Pair,0.64665,0.83636,0.97069,8.0,6.66
in.rhodo-e-5,2048,8,Bond,1.546,1.5946,1.8156,3.8,12.69
in.rhodo-e-5,2048,8,Kspace,4.6453,4.8852,4.9725,2.6,38.88
in.rhodo-e-5,2048,8,Neigh,0.30564,0.31264,0.31792,0.5,2.49
in.rhodo-e-5,2048,8,Comm,0.52778,0.73024,0.81974,9.2,5.81
in.rhodo-e-5,2048,8,Output,0.0005264,0.00054965,0.00061468,0.0,0.00
in.rhodo-e-5,2048,8,Modify,3.5728,3.7631,4.2165,8.7,29.95
in.rhodo-e-5,2048,8,Other,,0.4409,,,3.51
in.rhodo-e-6,32,1,Pair,0.75358,0.88259,1.0353,8.8,4.54
in.rhodo-e-6,32,1,Bond,1.0879,1.1521,1.2279,4.7,5.93
in.rhodo-e-6,32,1,Kspace,7.749,7.8244,7.8999,1.9,40.28
in.rhodo-e-6,32,1,Neigh,0.11992,0.12328,0.125,0.6,0.63
in.rhodo-e-6,32,1,Comm,0.51786,0.57994,0.64977,6.3,2.99
in.rhodo-e-6,32,1,Output,0.0010198,0.0010813,0.0013686,0.4,0.01
in.rhodo-e-6,32,1,Modify,8.3862,8.5325,8.6298,3.1,43.93
in.rhodo-e-6,32,1,Other,,0.3278,,,1.69
in.rhodo-e-6,32,2,Pair,0.89325,1.0349,1.1841,8.8,8.92
in.rhodo-e-6,32,2,Bond,0.57663,0.64116,0.70628,5.7,5.53
in.rhodo-e-6,32,2,Kspace,4.6048,4.6741,4.7402,2.1,40.29
in.rhodo-e-6,32,2,Neigh,0.062652,0.063403,0.063982,0.2,0.55
in.rhodo-e-6,32,2,Comm,0.32258,0.45818,0.60962,18.8,3.95
in.rhodo-e-6,32,2,Output,0.0010086,0.0010426,0.0013431,0.3,0.01
in.rhodo-e-6,32,2,Modify,4.0903,4.4652,4.869,12.7,38.49
in.rhodo-e-6,32,2,Other,,0.2631,,,2.27
in.rhodo-e-6,32,4,Pair,0.72583,0.8887,1.0729,10.6,8.12
in.rhodo-e-6,32,4,Bond,0.5812,0.64165,0.70417,5.3,5.86
in.rhodo-e-6,32,4,Kspace,4.1965,4.2659,4.3335,2.1,38.98
in.rhodo-e-6,32,4,Neigh,0.062145,0.063314,0.063973,0.2,0.58
in.rhodo-e-6,32,4,Comm,0.32492,0.47145,0.61192,17.4,4.31
in.rhodo-e-6,32,4,Output,0.0010538,0.0010868,0.0013913,0.3,0.01
in.rhodo-e-6,32,4,Modify,3.9151,4.3371,4.7286,14.8,39.63
in.rhodo-e-6,32,4,Other,,0.274,,,2.50
in.rhodo-e-6,32,6,Pair,0.48495,0.63842,0.82725,13.1,8.00
in.rhodo-e-6,32,6,Bond,0.24123,0.44193,0.72104,26.9,5.54
in.rhodo-e-6,32,6,Kspace,3.0776,3.3467,3.5504,9.6,41.93
in.rhodo-e-6,32,6,Neigh,0.050816,0.051253,0.052002,0.1,0.64
in.rhodo-e-6,32,6,Comm,0.28675,0.32243,0.33828,2.0,4.04
in.rhodo-e-6,32,6,Output,0.00097164,0.0010004,0.0013219,0.2,0.01
in.rhodo-e-6,32,6,Modify,2.9309,3.0605,3.2452,5.5,38.34
in.rhodo-e-6,32,6,Other,,0.1203,,,1.51
in.rhodo-e-6,32,8,Pair,0.56726,0.6216,0.67067,3.5,9.27
in.rhodo-e-6,32,8,Bond,0.16332,0.33718,0.54644,23.7,5.03
in.rhodo-e-6,32,8,Kspace,2.5847,2.8068,2.9844,8.3,41.85
in.rhodo-e-6,32,8,Neigh,0.040292,0.04168,0.042897,0.3,0.62
in.rhodo-e-6,32,8,Comm,0.25109,0.34287,0.52502,16.5,5.11
in.rhodo-e-6,32,8,Output,0.0010707,0.0010919,0.001381,0.2,0.02
in.rhodo-e-6,32,8,Modify,1.949,2.3716,2.6009,15.1,35.36
in.rhodo-e-6,32,8,Other,,0.1836,,,2.74
in.rhodo-e-6,256,1,Pair,0.46225,0.51687,0.61648,5.1,3.88
in.rhodo-e-6,256,1,Bond,0.52288,0.55221,0.58234,2.8,4.14
in.rhodo-e-6,256,1,Kspace,6.819,6.8824,6.9273,1.3,51.65
in.rhodo-e-6,256,1,Neigh,0.10212,0.10388,0.10441,0.2,0.78
in.rhodo-e-6,256,1,Comm,0.29041,0.45302,0.5437,11.9,3.40
in.rhodo-e-6,256,1,Output,0.00034146,0.00035784,0.00040908,0.0,0.00
in.rhodo-e-6,256,1,Modify,4.1733,4.3786,4.7596,7.7,32.86
in.rhodo-e-6,256,1,Other,,0.4373,,,3.28
in.rhodo-e-6,256,2,Pair,0.40085,0.54659,0.68998,9.8,6.67
in.rhodo-e-6,256,2,Bond,0.30174,0.32986,0.35742,3.1,4.02
in.rhodo-e-6,256,2,Kspace,3.9192,3.9622,4.0024,1.2,48.32
in.rhodo-e-6,256,2,Neigh,0.061401,0.06289,0.064408,0.3,0.77
in.rhodo-e-6,256,2,Comm,0.19604,0.30448,0.38171,12.2,3.71
in.rhodo-e-6,256,2,Output,0.00027648,0.00029524,0.00034544,0.0,0.00
in.rhodo-e-6,256,2,Modify,2.55,2.7596,3.0459,8.9,33.65
in.rhodo-e-6,256,2,Other,,0.2339,,,2.85
in.rhodo-e-6,256,4,Pair,0.40394,0.69263,0.92061,21.0,9.36
in.rhodo-e-6,256,4,Bond,0.2763,0.29358,0.31448,2.1,3.97
in.rhodo-e-6,256,4,Kspace,3.3693,3.407,3.4413,1.2,46.04
in.rhodo-e-6,256,4,Neigh,0.060162,0.061857,0.062699,0.2,0.84
in.rhodo-e-6,256,4,Comm,0.19469,0.27097,0.37428,11.8,3.66
in.rhodo-e-6,256,4,Output,0.00029696,0.00030102,0.00034837,0.0,0.00
in.rhodo-e-6,256,4,Modify,1.9799,2.3989,2.8067,14.9,32.42
in.rhodo-e-6,256,4,Other,,0.2746,,,3.71
in.rhodo-e-6,256,6,Pair,0.1481,0.3189,0.49392,18.4,5.82
in.rhodo-e-6,256,6,Bond,0.17474,0.20833,0.22865,2.9,3.80
in.rhodo-e-6,256,6,Kspace,2.5051,2.5675,2.6215,1.7,46.86
in.rhodo-e-6,256,6,Neigh,0.041695,0.043555,0.044275,0.3,0.79
in.rhodo-e-6,256,6,Comm,0.20872,0.28251,0.40295,11.4,5.16
in.rhodo-e-6,256,6,Output,0.00024999,0.0002531,0.00031402,0.0,0.00
in.rhodo-e-6,256,6,Modify,1.4348,1.8174,2.1059,13.8,33.17
in.rhodo-e-6,256,6,Other,,0.2407,,,4.39
in.rhodo-e-6,256,8,Pair,0.2094,0.29927,0.39923,8.2,5.84
in.rhodo-e-6,256,8,Bond,0.1871,0.2093,0.22459,2.6,4.09
in.rhodo-e-6,256,8,Kspace,2.4339,2.4716,2.5061,1.1,48.25
in.rhodo-e-6,256,8,Neigh,0.041368,0.043104,0.044362,0.4,0.84
in.rhodo-e-6,256,8,Comm,0.15731,0.22604,0.35206,12.9,4.41
in.rhodo-e-6,256,8,Output,0.00026143,0.00026977,0.00031948,0.0,0.01
in.rhodo-e-6,256,8,Modify,1.3537,1.6855,1.8922,12.9,32.90
in.rhodo-e-6,256,8,Other,,0.1872,,,3.66
in.rhodo-e-6,864,2,Pair,2.0908,2.2404,2.3146,2.9,9.86
in.rhodo-e-6,864,2,Bond,0.81231,0.8436,0.88829,2.1,3.71
in.rhodo-e-6,864,2,Kspace,11.934,12.003,12.111,1.7,52.81
in.rhodo-e-6,864,2,Neigh,0.19472,0.19811,0.20005,0.2,0.87
in.rhodo-e-6,864,2,Comm,0.67347,0.79095,1.1659,11.0,3.48
in.rhodo-e-6,864,2,Output,0.00040592,0.00042723,0.00048005,0.0,0.00
in.rhodo-e-6,864,2,Modify,5.1141,5.8726,6.0999,7.6,25.84
in.rhodo-e-6,864,2,Other,,0.7793,,,3.43
in.rhodo-e-6,864,4,Pair,2.0612,2.2496,2.3711,5.0,9.92
in.rhodo-e-6,864,4,Bond,0.81171,0.84429,0.8861,2.2,3.72
in.rhodo-e-6,864,4,Kspace,11.752,11.812,11.914,1.6,52.10
in.rhodo-e-6,864,4,Neigh,0.19563,0.19984,0.20158,0.3,0.88
in.rhodo-e-6,864,4,Comm,0.7461,0.86358,1.1383,8.8,3.81
in.rhodo-e-6,864,4,Output,0.00038711,0.00039333,0.00044094,0.0,0.00
in.rhodo-e-6,864,4,Modify,5.0709,5.8765,6.1449,8.3,25.92
in.rhodo-e-6,864,4,Other,,0.8276,,,3.65
in.rhodo-e-6,864,6,Pair,0.34593,0.99506,1.4466,41.2,5.29
in.rhodo-e-6,864,6,Bond,0.52463,0.65462,0.79553,13.5,3.48
in.rhodo-e-6,864,6,Kspace,10.102,10.258,10.459,3.7,54.57
in.rhodo-e-6,864,6,Neigh,0.16093,0.1647,0.16703,0.3,0.88
in.rhodo-e-6,864,6,Comm,0.45726,0.76979,0.886,14.1,4.10
in.rhodo-e-6,864,6,Output,0.00038682,0.00039587,0.00045325,0.0,0.00
in.rhodo-e-6,864,6,Modify,4.469,5.0556,6.1686,21.5,26.89
in.rhodo-e-6,864,6,Other,,0.8997,,,4.79
in.rhodo-e-6,864,8,Pair,0.74283,0.95464,1.0739,6.9,5.24
in.rhodo-e-6,864,8,Bond,0.52727,0.65763,0.79838,13.6,3.61
in.rhodo-e-6,864,8,Kspace,10.011,10.188,10.374,4.3,55.89
in.rhodo-e-6,864,8,Neigh,0.16084,0.16426,0.16727,0.3,0.90
in.rhodo-e-6,864,8,Comm,0.45879,0.77087,0.93794,15.0,4.23
in.rhodo-e-6,864,8,Output,0.00038365,0.00039938,0.00045498,0.0,0.00
in.rhodo-e-6,864,8,Modify,4.4062,4.7045,5.4795,13.9,25.81
in.rhodo-e-6,864,8,Other,,0.7892,,,4.33
in.rhodo-e-6,2048,2,Pair,5.4266,5.6472,5.7912,3.1,9.36
in.rhodo-e-6,2048,2,Bond,1.541,1.6039,1.6958,3.2,2.66
in.rhodo-e-6,2048,2,Kspace,35.63,35.876,36.137,1.9,59.47
in.rhodo-e-6,2048,2,Neigh,0.32964,0.33385,0.33693,0.2,0.55
in.rhodo-e-6,2048,2,Comm,1.4381,2.0931,2.6222,25.5,3.47
in.rhodo-e-6,2048,2,Output,0.00059386,0.00060697,0.00067894,0.0,0.00
in.rhodo-e-6,2048,2,Modify,11.633,12.492,13.45,19.4,20.71
in.rhodo-e-6,2048,2,Other,,2.28,,,3.78
in.rhodo-e-6,2048,4,Pair,5.3513,5.6809,5.8835,6.1,9.48
in.rhodo-e-6,2048,4,Bond,1.5402,1.6052,1.7119,3.3,2.68
in.rhodo-e-6,2048,4,Kspace,35.262,35.522,35.885,2.5,59.29
in.rhodo-e-6,2048,4,Neigh,0.3248,0.32768,0.3297,0.2,0.55
in.rhodo-e-6,2048,4,Comm,1.3563,1.9918,2.5293,28.4,3.32
in.rhodo-e-6,2048,4,Output,0.00055037,0.00057065,0.00063409,0.0,0.00
in.rhodo-e-6,2048,4,Modify,11.614,12.502,13.577,20.1,20.87
in.rhodo-e-6,2048,4,Other,,2.278,,,3.80
in.rhodo-e-6,2048,6,Pair,1.4905,2.9064,3.8108,55.8,5.07
in.rhodo-e-6,2048,6,Bond,1.5699,1.622,1.7019,2.9,2.83
in.rhodo-e-6,2048,6,Kspace,34.906,35.201,35.537,2.6,61.35
in.rhodo-e-6,2048,6,Neigh,0.32274,0.32612,0.32849,0.2,0.57
in.rhodo-e-6,2048,6,Comm,1.4235,1.8999,2.4307,27.4,3.31
in.rhodo-e-6,2048,6,Output,0.00060521,0.00063389,0.00070976,0.0,0.00
in.rhodo-e-6,2048,6,Modify,11.59,13.069,15.116,31.5,22.78
in.rhodo-e-6,2048,6,Other,,2.353,,,4.10
in.rhodo-e-6,2048,8,Pair,2.4133,2.609,2.7878,5.8,4.65
in.rhodo-e-6,2048,8,Bond,1.5841,1.6261,1.693,2.8,2.90
in.rhodo-e-6,2048,8,Kspace,34.766,34.989,35.211,2.0,62.32
in.rhodo-e-6,2048,8,Neigh,0.32973,0.33361,0.33578,0.2,0.59
in.rhodo-e-6,2048,8,Comm,1.4797,1.9889,2.5448,26.2,3.54
in.rhodo-e-6,2048,8,Output,0.00059755,0.00062237,0.00068553,0.0,0.00
in.rhodo-e-6,2048,8,Modify,11.497,12.392,13.333,19.1,22.07
in.rhodo-e-6,2048,8,Other,,2.203,,,3.92
in.rhodo-e-7,32,1,Pair,1.2815,1.8864,2.7602,36.7,2.25
in.rhodo-e-7,32,1,Bond,1.0883,1.1931,1.3136,6.6,1.42
in.rhodo-e-7,32,1,Kspace,45.861,45.976,46.08,1.1,54.89
in.rhodo-e-7,32,1,Neigh,0.13508,0.13885,0.14086,0.7,0.17
in.rhodo-e-7,32,1,Comm,0.7293,0.83511,0.89127,5.6,1.00
in.rhodo-e-7,32,1,Output,0.0010376,0.0011033,0.0013999,0.4,0.00
in.rhodo-e-7,32,1,Modify,32.381,33.18,33.686,8.0,39.61
in.rhodo-e-7,32,1,Other,,0.5504,,,0.66
in.rhodo-e-7,32,2,Pair,1.7631,2.2008,2.4999,16.4,5.18
in.rhodo-e-7,32,2,Bond,0.58796,0.64819,0.73503,5.4,1.53
in.rhodo-e-7,32,2,Kspace,21.018,21.099,21.167,1.0,49.68
in.rhodo-e-7,32,2,Neigh,0.070542,0.070946,0.07146,0.1,0.17
in.rhodo-e-7,32,2,Comm,0.50381,0.5676,0.66161,4.7,1.34
in.rhodo-e-7,32,2,Output,0.0011437,0.0011842,0.0014995,0.3,0.00
in.rhodo-e-7,32,2,Modify,17.105,17.402,17.747,5.6,40.98
in.rhodo-e-7,32,2,Other,,0.4782,,,1.13
in.rhodo-e-7,32,4,Pair,2.9648,3.0928,3.1866,3.9,7.29
in.rhodo-e-7,32,4,Bond,0.58257,0.65232,0.76154,6.2,1.54
in.rhodo-e-7,32,4,Kspace,20.587,20.684,20.765,1.1,48.76
in.rhodo-e-7,32,4,Neigh,0.069173,0.069457,0.069808,0.1,0.16
in.rhodo-e-7,32,4,Comm,0.56576,0.71838,0.76197,6.6,1.69
in.rhodo-e-7,32,4,Output,0.00114,0.0011812,0.0014915,0.3,0.00
in.rhodo-e-7,32,4,Modify,16.339,16.51,16.881,3.3,38.92
in.rhodo-e-7,32,4,Other,,0.6911,,,1.63
in.rhodo-e-7,32,6,Pair,0.89631,1.9131,2.4788,47.9,6.61
in.rhodo-e-7,32,6,Bond,0.24978,0.44501,0.6969,26.3,1.54
in.rhodo-e-7,32,6,Kspace,13.326,13.595,13.793,4.8,46.95
in.rhodo-e-7,32,6,Neigh,0.05399,0.05463,0.055326,0.2,0.19
in.rhodo-e-7,32,6,Comm,0.56525,0.69542,0.73723,5.7,2.40
in.rhodo-e-7,32,6,Output,0.0010857,0.0011136,0.0014267,0.2,0.00
in.rhodo-e-7,32,6,Modify,11.035,11.622,12.791,19.0,40.13
in.rhodo-e-7,32,6,Other,,0.6327,,,2.18
in.rhodo-e-7,32,8,Pair,1.1377,1.4377,1.6813,13.2,6.64
in.rhodo-e-7,32,8,Bond,0.1668,0.34125,0.55536,23.7,1.58
in.rhodo-e-7,32,8,Kspace,9.9646,10.194,10.397,4.5,47.12
in.rhodo-e-7,32,8,Neigh,0.044723,0.045271,0.045728,0.1,0.21
in.rhodo-e-7,32,8,Comm,0.33626,0.38818,0.4512,3.5,1.79
in.rhodo-e-7,32,8,Output,0.0011233,0.0011419,0.0014569,0.2,0.01
in.rhodo-e-7,32,8,Modify,8.6712,8.8994,9.1996,4.9,41.13
in.rhodo-e-7,32,8,Other,,0.3297,,,1.52
in.rhodo-e-7,256,1,Pair,3.5891,3.6165,3.6797,1.3,5.48
in.rhodo-e-7,256,1,Bond,0.5342,0.56068,0.58823,2.6,0.85
in.rhodo-e-7,256,1,Kspace,40.343,40.586,41.142,5.0,61.50
in.rhodo-e-7,256,1,Neigh,0.10244,0.1034,0.10399,0.1,0.16
in.rhodo-e-7,256,1,Comm,0.8909,1.7882,2.1979,29.8,2.71
in.rhodo-e-7,256,1,Output,0.00031402,0.00032112,0.00036956,0.0,0.00
in.rhodo-e-7,256,1,Modify,16.327,16.767,19.414,17.0,25.41
in.rhodo-e-7,256,1,Other,,2.57,,,3.89
in.rhodo-e-7,256,2,Pair,3.188,3.3271,3.4148,3.4,8.12
in.rhodo-e-7,256,2,Bond,0.30642,0.33405,0.36049,3.2,0.82
in.rhodo-e-7,256,2,Kspace,24.64,24.875,25.19,3.5,60.71
in.rhodo-e-7,256,2,Neigh,0.061642,0.062395,0.063209,0.2,0.15
in.rhodo-e-7,256,2,Comm,0.36164,0.89908,1.2262,24.1,2.19
in.rhodo-e-7,256,2,Output,0.00029656,0.00030471,0.00034474,0.0,0.00
in.rhodo-e-7,256,2,Modify,9.6283,10.058,10.887,13.4,24.55
in.rhodo-e-7,256,2,Other,,1.417,,,3.46
in.rhodo-e-7,256,4,Pair,3.5619,3.6559,3.7342,2.6,9.74
in.rhodo-e-7,256,4,Bond,0.28375,0.29718,0.33164,2.2,0.79
in.rhodo-e-7,256,4,Kspace,22.974,23.078,23.212,1.3,61.49
in.rhodo-e-7,256,4,Neigh,0.062852,0.064167,0.065208,0.2,0.17
in.rhodo-e-7,256,4,Comm,0.52863,0.71331,0.83738,9.5,1.90
in.rhodo-e-7,256,4,Output,0.0003484,0.00035796,0.00040687,0.0,0.00
in.rhodo-e-7,256,4,Modify,8.5839,8.7219,8.9578,2.6,23.24
in.rhodo-e-7,256,4,Other,,1.003,,,2.67
in.rhodo-e-7,256,6,Pair,0.85271,1.6792,2.1673,41.2,6.10
in.rhodo-e-7,256,6,Bond,0.19004,0.21104,0.22583,2.5,0.77
in.rhodo-e-7,256,6,Kspace,17.229,17.318,17.404,0.9,62.94
in.rhodo-e-7,256,6,Neigh,0.04121,0.041903,0.04271,0.2,0.15
in.rhodo-e-7,256,6,Comm,0.43733,0.54314,0.66119,5.9,1.97
in.rhodo-e-7,256,6,Output,0.00025969,0.00027542,0.00033781,0.0,0.00
in.rhodo-e-7,256,6,Modify,6.3707,6.8645,7.6525,19.8,24.95
in.rhodo-e-7,256,6,Other,,0.857,,,3.11
in.rhodo-e-7,256,8,Pair,1.36,1.504,1.6264,4.2,5.64
in.rhodo-e-7,256,8,Bond,0.1903,0.21206,0.23056,2.5,0.80
in.rhodo-e-7,256,8,Kspace,17.032,17.108,17.171,0.8,64.18
in.rhodo-e-7,256,8,Neigh,0.039081,0.041098,0.042192,0.3,0.15
in.rhodo-e-7,256,8,Comm,0.38966,0.53585,0.6141,5.7,2.01
in.rhodo-e-7,256,8,Output,0.00027004,0.00028148,0.0003396,0.0,0.00
in.rhodo-e-7,256,8,Modify,6.2644,6.4116,6.5992,2.8,24.05
in.rhodo-e-7,256,8,Other,,0.8443,,,3.17
in.rhodo-e-7,864,2,Pair,10.544,10.714,10.928,2.9,8.64
in.rhodo-e-7,864,2,Bond,0.82302,0.85268,0.89159,2.0,0.69
in.rhodo-e-7,864,2,Kspace,77.135,77.258,77.376,0.9,62.30
in.rhodo-e-7,864,2,Neigh,0.19521,0.19763,0.2005,0.3,0.16
in.rhodo-e-7,864,2,Comm,3.1642,3.5812,3.965,10.9,2.89
in.rhodo-e-7,864,2,Output,0.00039068,0.00040328,0.00046444,0.0,0.00
in.rhodo-e-7,864,2,Modify,26.479,27.035,27.683,5.4,21.80
in.rhodo-e-7,864,2,Other,,4.369,,,3.52
in.rhodo-e-7,864,4,Pair,10.684,11.083,11.408,9.1,8.97
in.rhodo-e-7,864,4,Bond,0.81994,0.85128,0.89583,1.8,0.69
in.rhodo-e-7,864,4,Kspace,77.185,77.412,77.61,1.8,62.62
in.rhodo-e-7,864,4,Neigh,0.19615,0.19956,0.20231,0.3,0.16
in.rhodo-e-7,864,4,Comm,2.5918,3.0149,3.3578,11.8,2.44
in.rhodo-e-7,864,4,Output,0.00039658,0.0004036,0.00046422,0.0,0.00
in.rhodo-e-7,864,4,Modify,26.116,26.727,27.735,8.0,21.62
in.rhodo-e-7,864,4,Other,,4.338,,,3.51
in.rhodo-e-7,864,6,Pair,3.6619,6.2265,7.6365,72.2,6.08
in.rhodo-e-7,864,6,Bond,0.5358,0.67082,0.93839,14.2,0.65
in.rhodo-e-7,864,6,Kspace,66.228,66.549,66.828,1.9,64.97
in.rhodo-e-7,864,6,Neigh,0.1615,0.16455,0.16731,0.3,0.16
in.rhodo-e-7,864,6,Comm,2.3596,2.8016,3.2907,13.5,2.73
in.rhodo-e-7,864,6,Output,0.00034933,0.00036274,0.00041991,0.0,0.00
in.rhodo-e-7,864,6,Modify,20.684,22.241,25.143,37.2,21.71
in.rhodo-e-7,864,6,Other,,3.783,,,3.69
in.rhodo-e-7,864,8,Pair,5.55,5.6427,5.7412,3.0,5.65
in.rhodo-e-7,864,8,Bond,0.52219,0.66761,0.81475,13.6,0.67
in.rhodo-e-7,864,8,Kspace,65.981,66.283,66.619,2.5,66.35
in.rhodo-e-7,864,8,Neigh,0.16103,0.16393,0.16572,0.3,0.16
in.rhodo-e-7,864,8,Comm,2.048,2.7103,3.0269,16.7,2.71
in.rhodo-e-7,864,8,Output,0.00032609,0.00033953,0.00039531,0.0,0.00
in.rhodo-e-7,864,8,Modify,20.497,20.898,21.446,4.5,20.92
in.rhodo-e-7,864,8,Other,,3.526,,,3.53
in.rhodo-e-7,2048,4,Pair,23.429,24.048,24.61,9.8,9.65
in.rhodo-e-7,2048,4,Bond,1.5793,1.6424,1.7624,3.5,0.66
in.rhodo-e-7,2048,4,Kspace,162.16,162.66,163.09,2.0,65.29
in.rhodo-e-7,2048,4,Neigh,0.32866,0.33547,0.33876,0.3,0.13
in.rhodo-e-7,2048,4,Comm,4.1389,5.3355,6.3797,19.1,2.14
in.rhodo-e-7,2048,4,Output,0.00056199,0.00058704,0.00065683,0.0,0.00
in.rhodo-e-7,2048,4,Modify,46.38,47.495,50.433,9.6,19.07
in.rhodo-e-7,2048,4,Other,,7.597,,,3.05
in.rhodo-e-7,2048,6,Pair,8.0211,13.354,16.359,103.0,5.70
in.rhodo-e-7,2048,6,Bond,1.613,1.6635,1.7454,2.7,0.71
in.rhodo-e-7,2048,6,Kspace,155.58,156.18,156.87,2.6,66.66
in.rhodo-e-7,2048,6,Neigh,0.32616,0.33003,0.33275,0.2,0.14
in.rhodo-e-7,2048,6,Comm,4.5266,5.3563,6.0949,16.1,2.29
in.rhodo-e-7,2048,6,Output,0.00057725,0.00058926,0.00063715,0.0,0.00
in.rhodo-e-7,2048,6,Modify,46.402,49.747,55.786,53.5,21.23
in.rhodo-e-7,2048,6,Other,,7.664,,,3.27
in.rhodo-e-7,2048,8,Pair,11.733,12.021,12.288,6.6,5.24
in.rhodo-e-7,2048,8,Bond,1.5952,1.6659,1.7532,3.2,0.73
in.rhodo-e-7,2048,8,Kspace,154.93,155.41,155.93,2.0,67.80
in.rhodo-e-7,2048,8,Neigh,0.32948,0.33163,0.33355,0.2,0.14
in.rhodo-e-7,2048,8,Comm,4.5494,5.4298,6.1805,17.0,2.37
in.rhodo-e-7,2048,8,Output,0.00067114,0.00068695,0.00075516,0.0,0.00
in.rhodo-e-7,2048,8,Modify,46.174,47.019,48.206,6.4,20.51
in.rhodo-e-7,2048,8,Other,,7.325,,,3.20
